Country Name,Country Code,Indicator Name,Indicator Code,1960,1961,1962,1963,1964,1965,1966,1967,1968,1969,1970,1971,1972,1973,1974,1975,1976,1977,1978,1979,1980,1981,1982,1983,1984,1985,1986,1987,1988,1989,1990,1991,1992,1993,1994,1995,1996,1997,1998,1999,2000,2001,2002,2003,2004,2005,2006,2007,2008,2009,2010,2011,2012,2013,2014,2015,2016,2017,2018,2019,2020,2021,2022,2023
Aruba,ABW,Real interest rate (%),FR.INR.RINR,,,,,,,,,,,,,,,,,,,,,,,,,,,,6.47543427,6.918180041,6.26423402,4.566640859,4.791125219,6.528137588,5.032925105,4.056926124,6.988250527,6.890905449,6.311952519,4.173555703,10.71689941,10.91745007,15.88595,6.573783712,7.424575511,6.604510399,5.646370927,5.813105793,4.976001825,5.982548471,8.846045757,11.666132,4.801975289,8.200874732,10.70970795,3.213869339,0.157925041,7.982850792,9.789286526,2.437681772,-0.371564187,7.738755179,11.98840988,2.598475865,
Africa Eastern and Southern,AFE,Real interest rate (%),FR.INR.RINR,,,,,,,,,,,,,,,,,,,,,,,,,,,,,,,,,,,,,,,,,,,,,,,,,,,,,,,,,,,,,,,,
Afghanistan,AFG,Real interest rate (%),FR.INR.RINR,,,,,,,,,,,,,,,,,,,,,,,,,,,,,,,,,,,,,,,,,,,,,,,10.04689711,-3.58511111,12.55796015,17.54292893,11.36409374,-1.241506002,7.174387244,9.784495938,14.35168934,12.25254816,17.58393816,12.14117829,,,,,,
Africa Western and Central,AFW,Real interest rate (%),FR.INR.RINR,,,,,,,,,,,,,,,,,,,,,,,,,,,,,,,,,,,,,,,,,,,,,,,,,,,,,,,,,,,,,,,,
Angola,AGO,Real interest rate (%),FR.INR.RINR,,,,,,,,,,,,,,,,,,,,,,,,,,,,,,,,,,,,-84.09500018,-93.51345888,-29.52270655,4.047558877,-72.57850016,-60.78132704,-5.032933217,-33.5534011,1.128485451,36.63763102,17.80088858,2.045114379,12.83731632,-5.723724308,38.97771355,-7.353793454,-9.876356841,8.764706246,12.61080218,12.38052977,21.14418153,-4.922063195,-5.552638283,-5.844003353,0.090918787,8.028656853,-13.98937224,3.27743053,
Albania,ALB,Real interest rate (%),FR.INR.RINR,,,,,,,,,,,,,,,,,,,,,,,,,,,3.501953158,1.000309155,1.000584368,0.996284185,1.437570041,-25.46909106,-63.78712048,-42.57351396,-8.963182188,8.801745016,-10.28697484,19.29949431,,19.11028929,15.57541161,15.26170739,11.24647779,8.623874259,8.346054481,9.455505482,10.20876158,9.304741438,8.550524874,10.00074741,7.971036596,9.888462236,9.736112073,9.510397491,6.324557533,7.272492422,7.413723259,4.701068533,4.394812962,4.956504018,5.386769753,2.481512515,-3.057676036,
Andorra,AND,Real interest rate (%),FR.INR.RINR,,,,,,,,,,,,,,,,,,,,,,,,,,,,,,,,,,,,,,,,,,,,,,,,,,,,,,,,,,,,,,,,
Arab World,ARB,Real interest rate (%),FR.INR.RINR,,,,,,,,,,,,,,,,,,,,,,,,,,,,,,,,,,,,,,,,,,,,,,,,,,,,,,,,,,,,,,,,
United Arab Emirates,ARE,Real interest rate (%),FR.INR.RINR,,,,,,,,,,,,,,,,,,,,,,,,,,,,,,,,,,,,,,,,,,,,,,,,,,,,,,,,,,,,,,,,
Argentina,ARG,Real interest rate (%),FR.INR.RINR,,,,,,,,,,,,,,,,,,,,,,,,,,,,,,,,,,,,,,,,,,,,,,,,,,,-8.56602872,-7.773405236,-6.748195554,-5.485839182,-11.60069877,-1.314708785,-7.006039843,0.455892832,4.564409099,12.10396965,-7.635174216,-11.88381637,-10.07372869,
Armenia,ARM,Real interest rate (%),FR.INR.RINR,,,,,,,,,,,,,,,,,,,,,,,,,,,,,,,,,,,,-24.91305774,39.10516828,30.9943494,34.13461159,38.77366744,33.39846306,21.78215208,18.34706928,15.51698759,11.624816,14.31614594,11.38149246,12.69474446,10.43491465,15.87088144,10.60763579,12.91975789,11.28119329,12.21684304,13.78124866,16.18000967,17.04235951,11.99733996,9.733977399,10.95957856,9.63911034,4.54758816,3.457598477,
American Samoa,ASM,Real interest rate (%),FR.INR.RINR,,,,,,,,,,,,,,,,,,,,,,,,,,,,,,,,,,,,,,,,,,,,,,,,,,,,,,,,,,,,,,,,
Antigua and Barbuda,ATG,Real interest rate (%),FR.INR.RINR,,,,,,,,,,,,,,,,,,,,,,,-0.316966135,6.130422889,7.35309017,3.39698135,3.491387082,1.619777167,-2.661367584,5.793892504,8.843559256,9.788471409,9.992749197,10.66916877,9.590986317,10.05092322,9.013653559,9.973061003,9.876812886,10.41105777,10.45584316,9.993627711,10.61163832,13.80627077,10.26681426,6.63621147,10.44035152,6.463065588,5.794591791,8.080009163,9.387676141,-2.514319061,7.888782033,10.62681426,8.148532639,6.855762617,10.0904449,8.969954354,7.40806267,7.83657472,6.829130405,2.362427634,0.766250065,
Australia,AUS,Real interest rate (%),FR.INR.RINR,,2.206876308,5.57978873,3.276166865,1.727937523,2.265164055,2.620765872,0.483660437,3.257356442,1.070908831,1.687062638,1.961979577,0.783288497,-1.503514178,-6.019131825,-5.338237025,-3.598526355,-1.384568296,1.050909731,0.452319132,-0.03415547,2.107507977,1.416795281,2.050010236,3.37215132,7.390258659,7.932094096,7.527278694,6.441089721,6.619263858,9.672708566,10.0928694,8.970382905,8.473781143,7.986057969,8.022844372,6.832512794,5.819743006,5.485434279,6.06244473,5.037423965,2.113096865,3.424915009,3.521734659,3.698201606,3.306339873,2.375590567,3.057411476,4.148913129,1.021134965,6.057533614,1.445735455,5.078166699,6.353353796,4.482137659,6.236771423,6.116716941,1.538107312,3.319652913,1.582465062,,,,
Austria,AUT,Real interest rate (%),FR.INR.RINR,,,,,,,,,,,,,,,,,,,,,,,,,,,,,,,,,,,,,,,,,,,,,,,,,,,,,,,,,,,,,,,,
Azerbaijan,AZE,Real interest rate (%),FR.INR.RINR,,,,,,,,,,,,,,,,,,,,,,,,,,,,,,,,,,,,,,,21.01798495,16.95460899,6.367573025,16.76907905,12.62440588,7.942300437,5.920291581,2.009036409,5.895815194,-1.568624267,-6.272592651,47.90105785,6.3007017,-2.885979388,15.02960689,17.6862204,19.39167771,28.94544185,1.485833836,0.318577983,4.691769978,17.56490862,26.53682128,-4.246163591,-16.50947539,
Burundi,BDI,Real interest rate (%),FR.INR.RINR,,,,,,,,,,,,,,,,,,,-0.451262624,-11.20322551,-3.766860947,19.22924479,5.98831967,5.234921701,-4.450063397,6.596780822,16.98033755,15.96339107,8.221738111,-2.402625005,5.997142468,8.348477598,7.833429517,5.591120353,7.090833434,-0.727268465,,,3.543673658,0.245048218,-16.67919754,2.732903688,18.25203631,5.614402302,4.514521187,-0.3337127,13.83318731,7.915110852,-6.19483254,3.274557502,3.554153982,4.492486953,0.022685619,6.664371597,9.840570485,-4.937060845,13.13730771,3.00359678,18.15767576,13.56590239,5.877798672,4.000870677,-5.543080237,
Belgium,BEL,Real interest rate (%),FR.INR.RINR,,,,,,,,,,,,,,,,,,,,,,,,,,,,,,,,,,,,,,,,,,,,,,,,,,,,,,,,,,,,,,,,
Benin,BEN,Real interest rate (%),FR.INR.RINR,,,,,,,,,,,,,,,,,,,,,,,,,,,,,,,,,,,,,,,,,,,,,,3.596098155,2.588145618,4.344562975,-1.362331084,2.377428574,4.195490191,1.468030817,-2.46960852,3.836592954,5.599991796,4.266334386,4.580099734,7.329027718,6.052308163,7.114169778,3.557093414,4.557501514,,
Burkina Faso,BFA,Real interest rate (%),FR.INR.RINR,,,,,,,,,,,,,,,,,,,,,,,,,,,,,,,,,,,,,,,,,,,,,,4.944070101,5.435521584,2.204376718,-3.82524863,2.511578975,1.285141169,-1.388528991,-0.741639727,7.5780202,5.995918151,7.545939073,2.622405522,5.024211614,5.628913773,5.740202274,-0.01955319,6.421919197,,
Bangladesh,BGD,Real interest rate (%),FR.INR.RINR,,,,,,,,,,,,,,,,,33.79505835,13.86156226,-12.26921967,-2.094867647,-5.988132182,1.1279848,1.16377388,2.439473298,3.020813216,-6.211926915,4.374505694,3.353217679,6.837361623,6.006888297,7.803215576,11.71898735,11.05035713,13.74096927,9.125764688,5.455284559,-5.16455193,8.853321042,7.825648109,8.978643048,8.998203238,9.256955718,8.389699357,5.88445428,5.582355611,5.76426912,5.466993809,5.789111436,4.66174257,6.146538332,4.736123569,5.064197686,5.343332659,5.988693902,6.885866277,5.512644316,-13.64213564,4.27654012,3.634315213,5.689532707,4.289204994,3.076215735,1.972480573,
Bulgaria,BGR,Real interest rate (%),FR.INR.RINR,,,,,,,,,,,,,,,,,,,,,,,,,,,,,,,,,9.068475431,17.05248509,17.26117498,-23.98506942,139.9637125,-69.10635909,-14.83204629,9.852274657,3.690179701,4.705183331,5.160852209,6.217822792,3.115854373,1.938870605,2.000862925,-0.948808156,2.551230889,7.116722757,10.30151966,4.256439509,8.507411744,8.965006357,6.830279083,4.372238319,2.970723163,0.597671214,0.699018813,-0.655694693,0.0734007,-2.817307794,-10.70389758,
Bahrain,BHR,Real interest rate (%),FR.INR.RINR,,,,,,,,,,,,,,,,,,,,,,,,,,,31.89907888,6.796161531,5.676506993,4.267214334,3.419726616,11.47487059,15.81804425,14.29430179,3.150137647,10.49670309,12.0998222,11.16094554,20.28486313,8.842683583,-14.14585643,14.54559467,4.827361494,-0.283027354,-2.781093221,-5.199029249,-0.796745563,-0.156120282,-2.821019814,24.06196772,-0.180215876,-2.684533731,2.93184586,5.529618512,7.667328425,15.88629145,,,,,,,,
"Bahamas, The",BHS,Real interest rate (%),FR.INR.RINR,,,,,,,,,,,,,,,,,6.944387122,7.639237248,7.092680989,0.525916094,0.751287393,-5.683085006,7.044690611,4.739740264,7.587918589,1.726529261,4.385243645,2.264504227,7.405764801,7.058839804,3.736699612,6.282836883,4.020735443,8.381728042,4.591386621,5.900219219,5.709560374,-38.37653613,3.591574395,1.356882645,5.030872342,5.626977584,1.961827981,4.789804497,4.748260807,0.462285095,4.633431666,2.47895543,3.952551212,6.604831487,5.915788916,5.972384534,1.43625303,4.931658323,1.053532087,-0.533451774,3.261660646,2.496626177,3.899809269,0.264794735,6.75346584,3.198864421,6.565865391,
Bosnia and Herzegovina,BIH,Real interest rate (%),FR.INR.RINR,,,,,,,,,,,,,,,,,,,,,,,,,,,,,,,,,,,,,,,,,,,7.321324798,9.327539854,7.947864517,3.223953257,0.198551998,0.918034767,-0.332619168,7.732691915,6.39214699,4.880421152,6.481564755,7.276478303,5.58529959,4.363562765,3.853482163,2.555420954,0.971534856,0.796048107,3.00786242,-1.582143548,-7.523996422,
Belarus,BLR,Real interest rate (%),FR.INR.RINR,,,,,,,,,,,,,,,,,,,,,,,,,,,,,,,,,-89.29939146,-85.18832721,-87.85285741,-63.88725835,5.60715851,-23.21565596,-28.08282615,-63.76102548,-41.22954906,-18.14018623,-5.528469047,-5.134717105,-4.700862777,-6.399671286,-1.721871696,-3.807565642,-10.44729536,2.211575773,-1.863419181,-33.59694659,-31.8270994,-1.751616139,0.5390995,1.775587384,5.59252291,0.952995473,-3.070649885,0.411160007,-2.543290175,-4.516671377,-0.71519467,
Belize,BLZ,Real interest rate (%),FR.INR.RINR,,,,,,,,,,,,,,,,,,,,,,,23.19034589,6.358700077,4.708178062,16.69811016,10.06628384,4.161403211,9.478786406,11.48634065,-15.54644284,17.11903314,10.54711353,12.25937252,11.82518452,9.852234461,13.18905292,18.06268027,13.76062975,18.25001055,14.38744973,17.75643266,14.01337381,19.30454241,11.60592932,10.91404379,10.61704866,10.10943806,10.2622897,16.9748059,11.47691866,8.068780911,11.60778565,9.474317624,9.654163423,10.26810719,7.579649228,6.241333927,9.010508065,9.209361688,9.335135352,7.943094459,1.079177613,
Bermuda,BMU,Real interest rate (%),FR.INR.RINR,,,,,,,,,,,,,,,,,,,,,,,,,,,,,,,,,,,,,,,,,,,,,,,,,,,,,,,,,,,,,,,,
Bolivia,BOL,Real interest rate (%),FR.INR.RINR,,,,,,,,,,,,,,,,,,,,,,,,,,,,30.39683894,18.95013375,21.28074356,21.97113917,19.93217041,28.54477858,44.40762993,44.11315582,35.53009432,39.77986871,41.95159969,30.22905118,32.18152217,27.94839572,17.85309791,17.32305791,10.65860771,6.022331912,10.07566894,-1.55933383,5.110629663,3.163720043,15.14603743,1.041041528,-3.217178149,3.767191392,4.770029141,7.491198547,13.3088029,9.434724955,1.931420923,4.833259518,9.155986266,9.62509692,3.906454492,2.511807569,
Brazil,BRA,Real interest rate (%),FR.INR.RINR,,,,,,,,,,,,,,,,,,,,,,,,,,,,,,,,,,,,,,65.40884498,77.61683799,67.06091709,48.5047282,45.63781871,48.34043745,46.44739884,43.77915272,44.63516886,41.24032645,35.02251547,35.3667578,34.79200963,29.11580552,32.83345951,26.58209053,18.49884442,22.40367244,33.83234397,40.69836145,41.71380787,33.10233425,31.90307275,21.19717969,16.72825116,28.7364912,
Barbados,BRB,Real interest rate (%),FR.INR.RINR,,,,,,,,,,,,,,,,,,,,,,-0.661277886,3.212898421,5.798910952,6.005478356,6.808886214,4.392506287,1.31568767,6.500892202,2.895511442,7.412015518,7.580613714,11.18194813,3.537513467,6.72488138,8.893479767,7.276866409,8.835422975,0.962936975,4.751744844,11.66464362,7.166315766,7.52383813,7.302639709,2.367223972,2.342734993,5.923328689,2.017521801,8.176478433,11.13096924,4.691006147,4.984768276,9.367049812,5.64600412,7.874456107,10.06247263,8.288858725,5.310085053,4.635941496,3.652432063,6.270400942,3.190870897,3.900869151,
Brunei Darussalam,BRN,Real interest rate (%),FR.INR.RINR,,,,,,,,,,,,,,,,,,,,,,,,,,,,,,,,,,,,,,,20.54134755,-5.460847144,-18.2270123,11.74888365,5.106680785,-0.569825438,-8.962385362,-11.17010213,-4.132499442,4.331025432,-6.382603351,35.4151176,-9.588180213,-12.21537999,4.229749245,8.562908315,7.484658302,28.05387732,16.14831697,0.520524538,-3.402310824,9.138890753,18.35814431,-8.63105577,-15.08147173,
Bhutan,BTN,Real interest rate (%),FR.INR.RINR,,,,,,,,,,,,,,,,,,,,,,,7.188979133,7.317805753,4.390113494,7.972486849,7.290693821,13.74744421,0.030555576,8.893352916,8.280794397,5.561450499,7.415044793,7.820734827,3.776064497,7.125327808,7.295509304,2.739536582,4.791248096,9.258469599,8.057557546,9.961572273,10.21726058,11.76074972,10.89152994,8.118035159,8.139015731,10.72966446,7.907932153,8.585369231,7.616463931,5.059151928,4.414795204,7.714809555,6.644196796,10.94929141,9.356456728,2.786646704,12.70294826,10.56367844,8.27509711,5.920372715,7.75570753,
Botswana,BWA,Real interest rate (%),FR.INR.RINR,,,,,,,,,,,,,,,,,,,,,-1.556654985,9.721909504,19.78189131,4.257201656,-2.968963509,-9.271153197,-2.683864922,-2.390604784,-12.11416662,-5.263682317,1.481638236,6.327978999,6.902446348,1.637970268,4.06788525,6.776493709,-1.388480721,8.530342197,3.349689855,0.473255878,1.145825237,6.866384475,14.84470101,12.72615936,5.151956536,0.230180569,10.74984513,9.606601366,6.554592168,-1.175676556,3.505910613,-1.467619028,7.75460206,8.5264764,-0.551076777,4.067935712,-4.115021481,9.784192479,6.439120061,5.858510949,1.313488588,-2.861007109,-7.359930234,
Central African Republic,CAF,Real interest rate (%),FR.INR.RINR,,,,,,,,,,,,,,,,,,,,,,,,,,,,,,,,,,,,,,,,,,,,,,,,,,,,,,,,,,,,,,,,
Canada,CAN,Real interest rate (%),FR.INR.RINR,,3.084345022,4.34478613,3.529872473,2.835855315,1.913344648,0.999173516,1.443921399,2.746474092,2.986001715,11.68404782,1.474988517,0.164379093,-2.076774366,-4.170201382,-1.424414537,1.156647007,1.67026433,2.678083482,2.567258502,3.810891238,7.595054218,6.418826731,5.048162643,8.22548422,7.010893241,7.164049119,4.512987545,6.020026083,8.265166709,10.36280576,6.676640565,5.921223468,4.589299085,5.34161484,6.241247834,4.314937903,3.77105927,6.79236178,4.428447423,2.775239791,4.17315132,2.914163587,1.392510078,0.715785247,1.260735591,3.161082058,2.714042801,0.704688624,4.833121719,-0.237699891,-0.236773176,1.760110339,1.237716691,1.038638973,3.67453345,1.968905239,0.125752237,,,,,,
Central Europe and the Baltics,CEB,Real interest rate (%),FR.INR.RINR,,,,,,,,,,,,,,,,,,,,,,,,,,,,,,,,,,,,,,,,,,,,,,,,,,,,,,,,,,,,,,,,
Switzerland,CHE,Real interest rate (%),FR.INR.RINR,,,,,,,,,,,,,,,,,,,,,,,,,,,,,,,,,,,,,,,,,,,,,,,,,1.865523246,2.282844337,2.413050268,2.739346526,2.622941725,2.778422162,3.365102086,3.996447542,3.248908871,3.006367395,1.849004653,2.739664717,3.357509619,1.376511373,0.145920368,
Channel Islands,CHI,Real interest rate (%),FR.INR.RINR,,,,,,,,,,,,,,,,,,,,,,,,,,,,,,,,,,,,,,,,,,,,,,,,,,,,,,,,,,,,,,,,
Chile,CHL,Real interest rate (%),FR.INR.RINR,,,,,,,,,,,,,,,,,,,,,,,,,,-1.211433267,4.03791192,5.416926307,-0.414447088,19.56212916,21.55469919,5.918426109,9.259425199,10.860314,5.133201704,5.8012143,12.76720706,11.94194868,19.24062833,10.21196977,9.834873251,7.30156424,4.274612252,1.801028213,-1.773195332,-0.413027487,-3.872201041,3.409024449,12.91047019,3.545972117,-3.768795807,5.587457772,9.223378344,6.846326434,2.121025308,0.534100505,0.982913241,-0.262655301,2.547312161,,,,,
China,CHN,Real interest rate (%),FR.INR.RINR,,,,,,,,,,,,,,,,,,,,,1.2416394,2.62034423,7.350672131,5.97409667,2.149559564,-2.07731742,3.105961227,2.700243226,-2.772033113,2.52069312,3.451644667,1.804311854,0.41563512,-3.65137209,-7.989744152,-1.412648192,3.354970476,6.911698896,7.356478441,7.204050346,3.710664083,3.726663881,4.679724347,2.638146639,-1.282811704,1.613277503,2.110577725,-0.259570585,-2.305615343,5.531122907,-1.002401212,-1.402428747,3.58520353,3.755387055,4.522308433,4.353072252,2.901815389,0.112553972,0.821501872,3.024384822,3.838601205,-0.193517051,2.054813319,
Cote d'Ivoire,CIV,Real interest rate (%),FR.INR.RINR,,,,,,,,,,,,,,,,,,,,,,,,,,,,,,,,,,,,,,,,,,,,,,5.763991453,3.331830891,1.613289963,-0.368943718,3.724734135,3.543389896,-0.428915663,5.465350419,2.343357493,0.891700761,0.361232955,6.552136669,6.246748203,,,,,,
Cameroon,CMR,Real interest rate (%),FR.INR.RINR,,,,,,,,,,,,,,,,,,,,,,,,,,,,,,,,,,,,,,,,,,,,,,,,,,,,,,,,,,,,,,,,
"Congo, Dem. Rep.",COD,Real interest rate (%),FR.INR.RINR,,,,,,,,,,,,,,,,,,,,,,,,,,,,,,,,,,,,,,,,,,,,,,,29.21733254,22.22435169,18.83434227,24.69477027,29.58282582,26.33035023,21.24473863,16.14723359,17.52473816,20.76675035,14.08405653,-15.69024723,-4.771255751,19.68020037,21.22869604,7.227882784,,
"Congo, Rep.",COG,Real interest rate (%),FR.INR.RINR,,,,,,,,,,,,,,,,,,,,,,,,,,,,,,,,,,,,,,,,,,,,,,,,,,,,,,,,,,,,,,,,
Colombia,COL,Real interest rate (%),FR.INR.RINR,,,,,,,,,,,,,,,,,,,,,,,,,,,8.555625925,13.8660468,11.19027451,14.20065914,-5.098230827,15.28657276,11.45805937,8.358405004,14.54666917,19.54132454,20.95820732,14.43888089,23.37814846,14.9195709,-11.13795592,13.33248084,9.775204902,7.823797978,7.270509663,9.36261383,6.697295974,9.67644438,8.821016978,8.594547354,5.372224027,4.542964842,8.655350954,8.90797441,8.442949352,8.785473732,9.032095057,8.134491128,7.15306949,7.467547259,8.248218417,1.551280099,1.285613664,
Comoros,COM,Real interest rate (%),FR.INR.RINR,,,,,,,,,,,,,,,,,,,,,,,,,,,,,,,,,,,,,,,,7.423877939,17.22841609,3.102288969,7.515882486,6.394622004,7.362180946,10.65047544,7.16630934,6.71696605,7.131475931,9.421063332,8.679453451,7.233986482,5.974382469,8.597206408,9.584916783,11.08079697,8.63689164,10.05702692,8.508150666,6.036798774,7.3746956,7.81076915,2.73016462,
Cabo Verde,CPV,Real interest rate (%),FR.INR.RINR,,,,,,,,,,,,,,,,,,,,,,,,,,,,,,,,,,,,,,,,,,,,,,,5.891057434,-6.761807957,6.0515898,8.849125474,10.31796103,6.874906426,9.160677954,8.967572419,11.00511684,8.645325498,7.795759333,8.08633612,7.146958078,8.387679996,7.799794655,7.609466299,0.082877583,
Costa Rica,CRI,Real interest rate (%),FR.INR.RINR,,,,,,,,,,,,,,,,,,,,,,,-32.12862158,-4.40660921,1.118727632,0.308143301,3.175981005,12.41910814,8.287714676,12.07900235,11.81696709,-15.71773785,7.293129409,17.73455851,15.00413623,12.7509363,9.73199507,6.798727782,9.411567169,13.24650876,14.16902249,12.86156663,15.14732856,13.49781682,8.888553213,10.30188948,8.146284032,2.064435163,3.952220954,9.135716346,9.811593129,11.04527389,12.86966436,10.13299571,8.1879176,9.887063288,9.493883465,8.269830326,8.739207219,6.024715568,5.820520183,3.065307094,1.016618065,
Caribbean small states,CSS,Real interest rate (%),FR.INR.RINR,,,,,,,,,,,,,,,,,,,,,,,,,,,,,,,,,,,,,,,,,,,,,,,,,,,,,,,,,,,,,,,,
Cuba,CUB,Real interest rate (%),FR.INR.RINR,,,,,,,,,,,,,,,,,,,,,,,,,,,,,,,,,,,,,,,,,,,,,,,,,,,,,,,,,,,,,,,,
Curacao,CUW,Real interest rate (%),FR.INR.RINR,,,,,,,,,,,,,,,,,,,,,,,,,,,,,,,,,,,,,,,,,,,,,,,,,,,,,,,,,,,,,,,,
Cayman Islands,CYM,Real interest rate (%),FR.INR.RINR,,,,,,,,,,,,,,,,,,,,,,,,,,,,,,,,,,,,,,,,,,,,,,,,,,,,,,,,,,,,,,,,
Cyprus,CYP,Real interest rate (%),FR.INR.RINR,,,,,,,,,,,,,,,,,,,,,,,,,,,,,,,,,,,,,,,,,,,,,,,,,,,,,,,,,,,,,,,,
Czechia,CZE,Real interest rate (%),FR.INR.RINR,,,,,,,,,,,,,,,,,,,,,,,,,,,,,,,,,,-5.733442027,0.691074504,3.655582504,2.401228774,4.517211187,2.731316454,5.475807484,5.223885319,2.199587603,3.893738237,4.597017352,1.90146356,5.676333044,4.907460739,2.171131434,4.158557505,3.316317307,7.4188898,5.739586037,3.899227454,3.556650498,2.014426432,3.257929511,2.734581774,2.253349306,0.949658717,-0.195325158,-0.93377177,-0.12163643,-3.981987197,
Germany,DEU,Real interest rate (%),FR.INR.RINR,,,,,,,,,,,,,,,,,,,,,,,,,,,,,,,,,,,,,,,,,,,,,,,,,,,,,,,,,,,,,,,,
Djibouti,DJI,Real interest rate (%),FR.INR.RINR,,,,,,,,,,,,,,,,,,,,,,,,,,,,,,,,,,,,,,,,,,,,,,,,,,,,,,,,,,,,,,,,
Dominica,DMA,Real interest rate (%),FR.INR.RINR,,,,,,,,,,,,,,,,,,,,,,,5.223726017,2.785645008,4.741481059,2.6232644,5.061915281,5.263422101,6.467176054,2.628577492,7.798427958,3.312168295,6.836389293,9.002863365,3.689132053,10.6334505,7.907217889,9.589633935,8.51612785,8.640135632,13.70790618,8.870512021,10.10243838,15.09069799,4.961301541,11.53343415,6.97032746,7.528155801,7.44339375,1.866025143,9.13092815,7.036470594,11.22470262,5.317814014,9.262044831,1.730795516,4.416291318,11.50180136,4.952356544,2.925515094,8.124913964,3.175850948,2.887053758,
Denmark,DNK,Real interest rate (%),FR.INR.RINR,,,,,,,,,,,,,,,,,,,,,,,,,,,,,,,,,,,,,,,,,,,,,,,,,,,,,,,,,,,,,,,,
Dominican Republic,DOM,Real interest rate (%),FR.INR.RINR,,,,,,,,,,,,,,,,,,,,,,,,,,,,,,,,-33.35679961,21.57059656,23.72389426,16.83749661,19.1788932,19.35418227,10.55750858,17.96897087,20.42761914,18.27424,17.18452238,17.89582066,-1.550914208,-8.635252014,17.32624119,12.03451371,7.609744711,8.654014357,14.14294579,6.347720679,6.930587162,9.880588134,8.499705584,9.184329642,12.10554541,12.8346074,9.338161416,8.079225853,9.715764841,5.973957523,1.699015129,1.025970295,
Algeria,DZA,Real interest rate (%),FR.INR.RINR,,,,,,,,,,,,,,,,,,,,,,,,,,,,,,,,,,,,-7.902165939,-4.04920736,8.136645383,15.1040086,-0.095922627,-10.334378,10.02084082,7.16825386,-0.189912529,-3.784161739,-6.997051368,-2.303736049,1.508207772,-6.339904754,21.56907236,-6.992750803,-8.65109043,0.504068364,8.100862838,8.325605574,15.45325878,6.352723357,1.512675423,1.164122496,8.512257439,13.71531471,-6.548107196,-11.12397431,
East Asia & Pacific (excluding high income),EAP,Real interest rate (%),FR.INR.RINR,,,,,,,,,,,,,,,,,,,,,,,,,,,,,,,,,,,,,,,,,,,,,,,,,,,,,,,,,,,,,,,,
Early-demographic dividend,EAR,Real interest rate (%),FR.INR.RINR,,,,,,,,,,,,,,,,,,,,,,,,,,,,,,,,,,,,,,,,,,,,,,,,,,,,,,,,,,,,,,,,
East Asia & Pacific,EAS,Real interest rate (%),FR.INR.RINR,,,,,,,,,,,,,,,,,,,,,,,,,,,,,,,,,,,,,,,,,,,,,,,,,,,,,,,,,,,,,,,,
Europe & Central Asia (excluding high income),ECA,Real interest rate (%),FR.INR.RINR,,,,,,,,,,,,,,,,,,,,,,,,,,,,,,,,,,,,,,,,,,,,,,,,,,,,,,,,,,,,,,,,
Europe & Central Asia,ECS,Real interest rate (%),FR.INR.RINR,,,,,,,,,,,,,,,,,,,,,,,,,,,,,,,,,,,,,,,,,,,,,,,,,,,,,,,,,,,,,,,,
Ecuador,ECU,Real interest rate (%),FR.INR.RINR,,,,,,,,,,,,,,,,,,,,,,,,,,,,,,,,,,,,,,,,,,,,,,,,,,,,,,,,,,,,,,,,
"Egypt, Arab Rep.",EGY,Real interest rate (%),FR.INR.RINR,,,,,,,,,,,,,,,,,-3.167914566,-3.119680241,0.565092117,-9.311642226,0.802685992,17.58479047,-7.801484774,2.030075188,6.238065866,3.068721728,1.882458579,3.435567132,3.158634196,-0.674911055,1.067535299,3.204638794,1.670924891,9.101241383,7.435419402,4.552157633,7.913220489,3.563452757,10.39189892,11.9358224,8.919600977,11.21451337,10.30003194,6.327025948,1.526903429,6.523640992,4.880796718,-0.077628595,0.107853155,0.71003632,0.818721618,-0.563878053,-6.262719502,3.292157153,0.414129139,1.54106846,6.922011355,-8.758194081,-2.358703013,2.199095783,4.88781543,4.366206699,0.142669652,
Euro area,EMU,Real interest rate (%),FR.INR.RINR,,,,,,,,,,,,,,,,,,,,,,,,,,,,,,,,,,,,,,,,,,,,,,,,,,,,,,,,,,,,,,,,
Eritrea,ERI,Real interest rate (%),FR.INR.RINR,,,,,,,,,,,,,,,,,,,,,,,,,,,,,,,,,,,,,,,,,,,,,,,,,,,,,,,,,,,,,,,,
Spain,ESP,Real interest rate (%),FR.INR.RINR,,,,,,,,,,,,,,,,,,,,,,,,,,,,,,,,,,,,,,,,,,,,,,,,,,,,,,,,,,,,,,,,
Estonia,EST,Real interest rate (%),FR.INR.RINR,,,,,,,,,,,,,,,,,,,,,,,,,,,,,,,,,,,,,,,,,,,,,,,,,,,,,,,,,,,,,,,,
Ethiopia,ETH,Real interest rate (%),FR.INR.RINR,,,,,,,,,,,,,,,,,,,,,,,,,,-17.67065668,13.22028145,12.90948702,2.807315015,0.393303171,2.642189476,-10.98741913,-6.519588853,0.549614667,11.07755929,2.108988395,13.64489862,10.27211654,10.66616174,8.177187478,1.303568606,17.6354832,12.7439479,-5.114907985,2.972377102,-2.617063494,-4.08090893,-8.292553683,-17.12177624,,,,,,,,,,,,,,,
European Union,EUU,Real interest rate (%),FR.INR.RINR,,,,,,,,,,,,,,,,,,,,,,,,,,,,,,,,,,,,,,,,,,,,,,,,,,,,,,,,,,,,,,,,
Fragile and conflict affected situations,FCS,Real interest rate (%),FR.INR.RINR,,,,,,,,,,,,,,,,,,,,,,,,,,,,,,,,,,,,,,,,,,,,,,,,,,,,,,,,,,,,,,,,
Finland,FIN,Real interest rate (%),FR.INR.RINR,,,,,,,,,,,,,,,,,,,,,,,,,,,,,,,,,,,,,,,,,,,,,,,,,,,,,,,,,,,,,,,,
Fiji,FJI,Real interest rate (%),FR.INR.RINR,,,,,,,,,,,,,,,,,,,,,,,,,,,,,,,,,5.778873431,4.337874671,10.52646548,9.994110554,8.039288676,7.49017957,2.036998538,1.905722559,13.76716679,4.938892905,4.634663663,-0.093110327,4.868426454,0.12637703,3.473075989,5.805544749,5.715797036,6.374077023,3.127572744,-1.759995185,3.308231576,2.396639496,-5.99464056,3.177970316,3.135431678,3.974547618,4.191844428,4.412663513,7.782837388,8.673453795,2.887920559,
France,FRA,Real interest rate (%),FR.INR.RINR,,,,,,,,,,,,,,,,,,,,,,,,,,,,,,,,,,,,,,,,,,,,,,,,,,,,,,,,,,,,,,,,
Faroe Islands,FRO,Real interest rate (%),FR.INR.RINR,,,,,,,,,,,,,,,,,,,,,,,,,,,,,,,,,,,,,,,,,,,,,,,,,,,,,,,,,,,,,,,,
"Micronesia, Fed. Sts.",FSM,Real interest rate (%),FR.INR.RINR,,,,,,,,,,,,,,,,,,,,,,,,,,,,,,,,,,,,12.47189331,12.88941453,14.25596153,11.65997456,16.07572735,14.09897903,14.06519173,15.16653283,15.42027449,14.24024467,13.98474595,14.03593423,10.52113421,8.926581578,9.508567183,11.12614224,12.55405106,6.718942254,14.96771926,12.30404447,22.11128033,11.19885088,8.029059337,5.771890701,12.12316457,13.48416244,10.88379091,,
Gabon,GAB,Real interest rate (%),FR.INR.RINR,,,,,,,,,,,,,,,,,,,,,,,,,,,,,,,,,,,,,,,,,,,,,,,,,,,,,,,,,,,,,,,,
United Kingdom,GBR,Real interest rate (%),FR.INR.RINR,,,,,,,,2.657690416,2.080119549,0.55387546,-0.299762811,-0.449712102,0.290841701,-0.382676813,-5.266168893,-12.16740699,-3.485790094,-4.220039216,-2.121343086,-0.325891348,-2.832918831,1.510933257,4.200561617,4.473298562,4.427354465,6.389135547,6.29317099,4.073338882,3.733549918,5.471718172,6.378848676,4.957660347,6.041855275,3.193314414,4.013230422,-4.301166931,1.748899975,6.720383583,5.884892441,3.917477268,4.765491918,3.563385019,1.838240759,1.272565875,1.714791106,1.664488656,1.801227475,3.184462448,1.230162387,-1.223114798,-1.066845257,-1.652997551,-1.023060732,-1.583539432,-0.807141874,,,,,,,,,
Georgia,GEO,Real interest rate (%),FR.INR.RINR,,,,,,,,,,,,,,,,,,,,,,,,,,,,,,,,,,,,,,,,,,,,19.65777315,12.59343169,8.907306844,7.940375743,6.962913354,7.708841743,20.43890451,1.433684089,5.738730436,14.32906256,12.07973285,7.375924363,6.293046154,9.746311452,2.759985046,6.475863169,5.346402405,4.212777723,2.046547562,4.17802021,
Ghana,GHA,Real interest rate (%),FR.INR.RINR,,,,,,,,,,,,,,,,,,,,,,,,,,,,,,,,,,,,,,,,,,,,,,,,,,,,,,,,,,,,,,,,
Gibraltar,GIB,Real interest rate (%),FR.INR.RINR,,,,,,,,,,,,,,,,,,,,,,,,,,,,,,,,,,,,,,,,,,,,,,,,,,,,,,,,,,,,,,,,
Guinea,GIN,Real interest rate (%),FR.INR.RINR,,,,,,,,,,,,,,,,,,,,,,,,,,,,-9.633813505,-5.469330123,-4.141396945,3.314727695,-1.048072246,0.617798331,23.66678603,20.28236584,14.6752858,19.15785737,18.79631043,15.71537969,15.01263906,12.29996312,10.93101569,,,,,,,,,,,,,,,,,,,,,,
"Gambia, The",GMB,Real interest rate (%),FR.INR.RINR,,,,,,,,,,,,,,,,,,,,,,,,,,-17.88547999,-8.907682262,7.948365224,18.08058833,11.51499525,12.98220621,-45.94845708,24.32561222,19.91682355,20.45012127,20.27487219,15.80848626,33.46679226,18.93827331,27.09540134,21.31056585,21.80095962,12.32764712,14.56180197,-29.70805924,29.58576079,28.0808453,22.50814651,23.93164352,21.51562863,20.21468541,22.40355815,23.26043865,20.83094149,22.13467873,,,24.13189631,19.68012043,20.46808658,25.25839564,10.80522847,,
Guinea-Bissau,GNB,Real interest rate (%),FR.INR.RINR,,,,,,,,,,,,,,,,,,,,,,,,,,,,,,,,,,,,,,,,,,,,,,4.316174863,7.172377895,0.355080129,-6.660169927,7.623044421,2.086119507,-7.695813746,5.940223009,6.278171435,5.494736817,-6.197768724,-0.755350488,-0.75382977,,,,,,
Equatorial Guinea,GNQ,Real interest rate (%),FR.INR.RINR,,,,,,,,,,,,,,,,,,,,,,,,,,,,,,,,,,,,,,,,,,,,,,,,,,,,,,,,,,,,,,,,
Greece,GRC,Real interest rate (%),FR.INR.RINR,,,,,,,,,,,,,,,,,,,,,,,,,,,,,,,,,,,,,,,,,,,,,,,,,,,,,,,,,,,,,,,,
Grenada,GRD,Real interest rate (%),FR.INR.RINR,,,,,,,,,,,,,,,,,,,,,,,7.835629179,10.78175131,5.358728825,4.279088449,8.783509417,7.847316909,5.211646075,3.05430971,12.30758511,5.279920897,7.702599485,9.765036458,7.594953394,7.784522041,7.128352362,9.285551858,9.823877838,10.383237,8.493010368,7.87371781,10.89653084,12.13463967,7.991377657,7.391312726,4.988611962,7.267924037,1.558916371,11.00404266,10.0470161,10.43803745,5.580645485,6.166845617,8.346067682,6.037649233,5.836425342,6.684312296,8.599878241,4.106838563,7.154646579,3.653053914,4.585661941,
Greenland,GRL,Real interest rate (%),FR.INR.RINR,,,,,,,,,,,,,,,,,,,,,,,,,,,,,,,,,,,,,,,,,,,,,,,,,,,,,,,,,,,,,,,,
Guatemala,GTM,Real interest rate (%),FR.INR.RINR,,,,,,,,,,,,,,,,,,,,,,,,,,,,,,,,,,,,,,9.588412693,6.448926428,13.77560364,13.15317506,26.02784521,9.763381368,10.05740833,7.344549242,6.969818057,7.411952972,5.341266302,3.641592342,9.892832099,7.803198652,6.113829832,9.778618455,9.906354068,10.60955538,10.75584871,10.12049423,11.11202392,11.50541688,8.859152325,9.382975822,9.244983675,5.365090342,
Guam,GUM,Real interest rate (%),FR.INR.RINR,,,,,,,,,,,,,,,,,,,,,,,,,,,,,,,,,,,,,,,,,,,,,,,,,,,,,,,,,,,,,,,,
Guyana,GUY,Real interest rate (%),FR.INR.RINR,,,,,,,,,,,,,,,,,,,,,,8.778220754,9.657107611,5.582384315,-3.589612088,0.42782349,2.410327062,-27.54117256,-6.936632349,-54.69841643,-15.14568615,-43.05818134,15.62141973,2.062071715,1.534184849,6.113205867,13.33847421,15.37895561,13.39943163,5.303299611,10.05349534,16.6319782,13.35647552,9.810426511,7.273623534,6.418515761,-58.3271743,5.914206812,4.589259232,13.235672,10.1656426,11.75877642,8.721191673,14.11241913,15.26002232,9.542339621,11.99409599,10.66604441,16.35987741,7.301759348,48.52033122,-11.06269565,-3.231598484,
High income,HIC,Real interest rate (%),FR.INR.RINR,,,,,,,,,,,,,,,,,,,,,,,,,,,,,,,,,,,,,,,,,,,,,,,,,,,,,,,,,,,,,,,,
"Hong Kong SAR, China",HKG,Real interest rate (%),FR.INR.RINR,,,,,,,,,,,,,,,,,,,,,,,,,,,,,,,2.263834244,0.253114761,-2.334911527,-1.945332858,0.991196094,4.567189011,2.490656716,2.964855412,8.571469527,13.13352619,13.1100601,8.77333881,8.805606952,11.71128606,8.932432776,6.367947373,8.496934012,4.290460589,3.979948066,5.395760783,4.716598326,1.060804198,1.405387573,3.130817952,2.090121925,1.30881241,3.307529777,2.060070156,1.333312605,2.997902396,4.334007778,4.287392305,3.235148205,
Honduras,HND,Real interest rate (%),FR.INR.RINR,,,,,,,,,,,,,,,,,,,,,,,8.130636193,11.65091414,12.52720682,14.39927492,13.69643576,13.0074711,5.676525794,3.516751219,-6.366507517,-3.491085581,17.37092159,10.05306851,2.749490935,2.615736404,9.770487562,13.05954277,18.48929367,20.98686506,17.43690983,14.50701917,16.70233414,14.22506592,12.61077139,10.76809208,11.47428245,9.359386039,9.412844122,10.95295752,13.55479289,9.971806992,14.35696298,18.45328242,12.88062187,12.83497683,15.09853656,14.10912758,15.55407811,12.68883956,11.8268994,11.71946197,5.003613416,
Heavily indebted poor countries (HIPC),HPC,Real interest rate (%),FR.INR.RINR,,,,,,,,,,,,,,,,,,,,,,,,,,,,,,,,,,,,,,,,,,,,,,,,,,,,,,,,,,,,,,,,
Croatia,HRV,Real interest rate (%),FR.INR.RINR,,,,,,,,,,,,,,,,,,,,,,,,,,,,,,,,,,,,,17.96951263,8.024191052,7.002278912,11.04284536,7.412452849,5.106261359,8.662707232,6.976281597,7.831038826,7.831188273,5.827018715,4.848928582,4.319874694,8.326792705,9.360439302,7.884815344,7.947454374,8.443268703,8.420019467,,,,,,,,,
Haiti,HTI,Real interest rate (%),FR.INR.RINR,,,,,,,,,,,,,,,,,,,,,,,,,,,,,,,,,,,-29.48663993,-2.560832097,9.18800988,1.362148035,1.395075681,7.532693464,-39.12982237,4.063344806,7.000963748,4.427537815,4.94294279,11.92660451,11.3183065,18.2217519,4.558151257,5.132279672,9.393317859,6.987364203,0.671275932,0.597120821,8.368648167,7.335487257,-2.135389706,-0.905881388,6.163884499,-4.740152624,-3.413247767,-4.718161778,,
Hungary,HUN,Real interest rate (%),FR.INR.RINR,,,,,,,,,,,,,,,,,,,,,,,,,,,,,,,,,9.497899981,3.419028476,6.618854514,4.636167513,4.410760448,1.252168709,4.841254061,7.603942145,2.752713327,0.963652219,1.921863015,3.955080634,7.35881292,5.76253091,4.266708401,3.454232985,5.1290212,6.56224477,4.929511313,6.270716359,5.937038459,3.387825758,0.727927851,0.123325583,0.758582251,-2.449840292,-3.220353563,-2.855934221,-4.176606879,-3.269817437,-3.348651972,
IBRD only,IBD,Real interest rate (%),FR.INR.RINR,,,,,,,,,,,,,,,,,,,,,,,,,,,,,,,,,,,,,,,,,,,,,,,,,,,,,,,,,,,,,,,,
IDA & IBRD total,IBT,Real interest rate (%),FR.INR.RINR,,,,,,,,,,,,,,,,,,,,,,,,,,,,,,,,,,,,,,,,,,,,,,,,,,,,,,,,,,,,,,,,
IDA total,IDA,Real interest rate (%),FR.INR.RINR,,,,,,,,,,,,,,,,,,,,,,,,,,,,,,,,,,,,,,,,,,,,,,,,,,,,,,,,,,,,,,,,
IDA blend,IDB,Real interest rate (%),FR.INR.RINR,,,,,,,,,,,,,,,,,,,,,,,,,,,,,,,,,,,,,,,,,,,,,,,,,,,,,,,,,,,,,,,,
Indonesia,IDN,Real interest rate (%),FR.INR.RINR,,,,,,,,,,,,,,,,,,,,,,,,,,,18.70733999,4.955648834,13.27896243,11.49765772,10.73478336,15.26787221,15.60691172,1.203573125,9.263077251,8.162954672,9.699419193,8.213565481,-24.60016808,11.82652643,-1.65421247,3.719985958,12.32241249,10.85207115,5.134410231,-0.245735468,1.658151422,2.339674092,-3.852245027,5.747952096,-1.746097536,4.594376749,7.750188565,6.374931242,6.792118581,8.349910635,9.224432344,6.501563996,6.471249839,8.62940479,9.98592672,2.753758913,-0.956342956,
IDA only,IDX,Real interest rate (%),FR.INR.RINR,,,,,,,,,,,,,,,,,,,,,,,,,,,,,,,,,,,,,,,,,,,,,,,,,,,,,,,,,,,,,,,,
Isle of Man,IMN,Real interest rate (%),FR.INR.RINR,,,,,,,,,,,,,,,,,,,,,,,,,,,,,,,,,,,,,,,,,,,,,,,,,,,,,,,,,,,,,,,,
India,IND,Real interest rate (%),FR.INR.RINR,,,,,,,,,,,,,,,,,,,10.77463133,-1.061145746,4.476508261,5.118236741,7.774707244,7.320986685,7.94709992,8.681673585,9.093224145,6.560180094,7.638632996,7.435843248,5.269526998,3.624716596,9.132749406,5.814776512,4.337109738,5.864178109,7.7929943,6.909578995,5.121276329,9.191247322,8.342610831,8.591449296,7.907177189,7.30788116,4.910128302,4.855145174,2.570606701,5.681844064,3.77175625,4.808592109,-1.983859223,1.317979709,2.473521635,3.865992881,6.695176086,7.556488421,6.232711412,5.327608868,5.361666382,6.894875426,4.203910407,0.147236062,0.315334365,
Not classified,INX,Real interest rate (%),FR.INR.RINR,,,,,,,,,,,,,,,,,,,,,,,,,,,,,,,,,,,,,,,,,,,,,,,,,,,,,,,,,,,,,,,,
Ireland,IRL,Real interest rate (%),FR.INR.RINR,,,,,,,,,,,,,,,,,,,,,,,,,,,,,,,,,,,,,,,,,,,,,,,,,,,,,,,,,,,,,,,,
"Iran, Islamic Rep.",IRN,Real interest rate (%),FR.INR.RINR,,,,,,,,,,,,,,,,,,,,,,,,,,,,,,,,,,,,,,,,,,,,,-6.461675857,-3.467024754,-0.508448106,-8.897954188,-6.214920244,7.076087984,-3.350481528,-16.79755009,-6.686527474,-18.84519306,3.86413889,13.98544676,7.861272686,,,,,,,
Iraq,IRQ,Real interest rate (%),FR.INR.RINR,,,,,,,,,,,,,,,,,,,,,,,,,,,,,,,,,,,,,,,,,,,6.322292784,1.002486201,-3.447817825,-16.51813572,-7.046009199,3.793137666,-8.419722882,44.33097173,-1.922094573,-8.467921829,10.90655086,13.58817382,15.89852702,60.87670955,26.39970828,,,,,,,
Iceland,ISL,Real interest rate (%),FR.INR.RINR,,,,,,,,,,,,,,,,,,,,,,,,,,,,,,,,,,,,,9.713222928,9.865850697,7.705447016,9.469769491,12.28092481,8.505916523,8.967920185,11.40205425,9.098273308,11.36328502,8.555127009,14.33644941,7.143954326,7.385020293,3.655369094,4.463192565,4.72101403,5.901739895,3.457644457,1.466679258,5.843688141,6.260183009,4.212530388,2.386847746,1.676555843,-1.025642837,-1.213839878,
Israel,ISR,Real interest rate (%),FR.INR.RINR,,,,,,,,,,,,,,,,,,,,,,,,,,,,,,,,,,,,,,,,,,,,,,,,,,,,,,2.567860031,3.216712173,1.115796421,3.051354797,3.532373022,2.672702952,1.666483949,2.243243553,0.952189943,-1.591548583,
Italy,ITA,Real interest rate (%),FR.INR.RINR,,,,,,,,,,,,,,,,,,,,,,,,,,,,,,8.291348365,5.4521761,6.585797062,11.64704481,10.34007128,8.15255756,7.920644404,7.952252544,7.743308891,6.094069227,4.736635744,5.138245886,4.128903875,3.158738554,2.600677732,2.762226465,3.23826981,3.424166712,3.762434675,4.332593826,3.027009099,3.579685793,2.944663726,3.619198647,3.951211997,3.917647828,3.167866234,2.335325877,2.258088639,1.59483303,1.64891714,0.737515246,0.738617372,-0.69136769,
Jamaica,JAM,Real interest rate (%),FR.INR.RINR,,,,,,,,,,,,,,,,,2.36180738,1.216593549,-10.1844178,-1.662053785,-2.24424896,7.148892159,7.499940703,0.007327129,-12.79070919,-2.811052272,0.377481935,13.19593008,11.72209101,11.43398394,4.302950753,-8.574057862,-9.51239671,-5.951801115,13.99636859,14.68989268,17.63412732,21.21680819,19.00286121,18.78944944,11.5395515,11.87314992,8.633558839,6.506314028,4.677446369,5.285866926,8.07942404,5.279057528,2.88781677,4.276962292,9.693284432,12.96180044,10.37456239,8.578676322,9.620375908,9.677050802,11.2974879,7.841678201,8.668017564,9.513194465,8.309335384,3.786210143,-1.234776194,
Jordan,JOR,Real interest rate (%),FR.INR.RINR,,,,,,,,,,,,,,,,,,,,,,,,,,,,,,,,,,,,,,10.95795268,6.230650638,12.74661342,12.26379235,10.08388381,9.169880498,6.999114167,5.006628047,5.490036198,-2.233285551,3.453389478,-11.80766163,5.898580861,0.875955637,2.646406244,3.9901971,2.700469426,5.360006858,6.172976266,6.662253029,6.49396019,6.24663281,7.755620048,8.2474039,4.708471174,4.646954023,
Japan,JPN,Real interest rate (%),FR.INR.RINR,,,,,,,,,,,,,,,,,,,,,,,,,,,,,,,,,,4.312357955,3.93924918,4.050494997,3.117254681,1.934613154,2.348223426,3.444634362,3.449521334,3.087795385,3.301822933,3.48582884,2.924240609,2.90562806,2.548823046,2.606878389,2.846981386,2.306032611,3.545761915,3.174489687,2.180076528,1.664021933,-0.459381592,-0.94844123,0.62219276,1.069144407,,,,,,
Kazakhstan,KAZ,Real interest rate (%),FR.INR.RINR,,,,,,,,,,,,,,,,,,,,,,,,,,,,,,,,,,,,,,,,,,,,,,,,,,,,,,,,,,,,,,,,
Kenya,KEN,Real interest rate (%),FR.INR.RINR,,,,,,,,,,,,20.06938633,7.701926991,-1.092377058,-5.64352717,-1.640905658,-7.490083755,-5.902336362,6.712201813,4.128561073,0.942589238,1.410506084,2.605412414,3.572394451,3.835120319,5.257537652,4.864495046,8.157389637,8.026232319,6.815211935,7.332797066,5.745512648,1.825329188,3.413472407,16.42810989,15.80164834,-5.77658854,16.87956849,21.09632603,17.45404878,15.32743345,17.81250097,17.35814064,9.770510927,5.045257597,7.609987546,-8.009866971,4.819090788,-0.984996972,-10.09600357,12.52695849,4.526185832,9.313511345,9.29394636,8.249078992,6.268805783,10.11812871,5.656747616,8.487960475,7.831100748,6.714634409,7.427581005,5.968446875,
Kyrgyz Republic,KGZ,Real interest rate (%),FR.INR.RINR,,,,,,,,,,,,,,,,,,,,,,,,,,,,,,,,,,,,,20.12149532,36.81333224,43.87352863,15.58210304,23.05040235,30.5208227,33.19094321,19.30883194,17.34746592,13.4139691,12.50607123,7.261727074,3.019118025,21.74040098,12.43804432,1.058988813,13.19759191,17.59058869,10.80871832,19.53336065,17.42687927,12.68917742,15.53033704,8.364750017,11.10267685,0.543018694,1.725911441,
Cambodia,KHM,Real interest rate (%),FR.INR.RINR,,,,,,,,,,,,,,,,,,,,,,,,,,,,,,,,,,,,,,,,,,,,,,,,,,,,,,,,,,,,,,,,
Kiribati,KIR,Real interest rate (%),FR.INR.RINR,,,,,,,,,,,,,,,,,,,,,,,,,,,,,,,,,,,,,,,,,,,,,,,,,,,,,,,,,,,,,,,,
St. Kitts and Nevis,KNA,Real interest rate (%),FR.INR.RINR,,,,,,,,,,,,,,,,,,,,,0.717769745,-6.721451348,2.617702562,8.746617926,5.011927147,7.013256002,4.88139592,4.970902692,3.714168545,5.385347301,3.510706605,7.597846456,5.191597987,8.126660351,4.395984907,10.02909009,10.2131381,5.956906649,8.386958377,8.200496852,17.88365272,7.493374094,7.167938678,10.37383558,6.176204043,11.85115854,-4.263509617,2.778076366,7.115303337,5.541127836,8.044252485,3.582667814,9.565946497,8.479577375,7.912525967,9.633420117,7.844075158,3.852510551,9.247580273,9.765081872,15.20442835,9.323485237,3.602176588,
"Korea, Rep.",KOR,Real interest rate (%),FR.INR.RINR,,,,,,,,,,,,,,,,,,,,,,,,,,,,,,,,,,,,,6.679742736,7.570319386,10.34041448,10.7579741,7.447142697,4.087645473,3.626044041,2.693739372,2.692081299,4.505016532,6.224588621,4.034859563,4.222685184,1.969452026,2.700250556,4.418990751,4.092791268,3.588241715,3.326270741,0.337001849,1.354559423,1.2266202,3.164269211,4.321429493,1.218859926,0.117975152,2.978979865,
Kuwait,KWT,Real interest rate (%),FR.INR.RINR,,,,,,,,,,,,,,,,,,,,,,,,,,,,,,,,,,16.5631803,14.31942795,3.355883388,-5.834464731,14.18069143,31.49230024,-8.068204393,-9.670492972,16.90807086,1.268606946,0.472936585,-5.149114942,-11.72097796,-6.539551299,4.054288247,-9.312048743,28.15807975,-5.113880201,-10.28946083,-2.303567908,4.328792853,11.82552112,40.859904,12.14502217,-9.925197823,-5.797166075,5.194889384,20.96763631,-17.87517338,-12.71174559,
Latin America & Caribbean (excluding high income),LAC,Real interest rate (%),FR.INR.RINR,,,,,,,,,,,,,,,,,,,,,,,,,,,,,,,,,,,,,,,,,,,,,,,,,,,,,,,,,,,,,,,,
Lao PDR,LAO,Real interest rate (%),FR.INR.RINR,,,,,,,,,,,,,,,,,,,,,,,,,,,,,,,,11.5322976,18.87483107,12.72449402,15.13399663,5.000306938,11.67268672,,-29.932136,-42.09865184,5.771115148,15.88950025,21.64710396,15.02855589,16.76709694,16.7460943,17.32311831,19.60354616,13.90416092,28.54400474,12.28603495,,,,,,,,,,,,,
Lebanon,LBN,Real interest rate (%),FR.INR.RINR,,,,,,,,,,,,,,,,,,,,,,,,,,,,,,-19.15344956,21.16039869,-6.531972114,-28.9859086,3.034490896,14.84184474,12.65987862,23.06925464,7.838176764,,18.51498374,20.67041118,19.00416046,11.11435384,11.66594611,12.19354397,11.82784324,9.297376921,6.906533194,2.260586371,-0.649418007,7.713429522,4.431035601,-0.220386929,4.649984661,7.161348674,3.633832079,7.414932183,5.396472991,3.385546529,6.166022462,,,,
Liberia,LBR,Real interest rate (%),FR.INR.RINR,,,,,,,,,,,,,,,,,,,,,,,,,,,,,,,,,,,,,,,,,,21.26684749,21.90277433,1.337680824,1.058508133,16.4626541,5.834631673,2.703595526,-2.495873094,17.38281664,7.257863943,2.54895434,5.307353478,8.378989667,12.58084393,13.53546469,6.185715732,16.29470396,,,,,,
Libya,LBY,Real interest rate (%),FR.INR.RINR,,,,,,,,,,,,,,,,,,,,,,,,,,,,,,,,,,,,,,,,,-5.566178581,-0.172482038,-15.91177364,-6.437915462,-13.47576608,-17.45645574,-11.15159928,3.475825037,-14.3153031,41.04610281,-11.1323837,-14.75176708,0.017049601,5.909561345,7.077849938,,,,,,,,,
St. Lucia,LCA,Real interest rate (%),FR.INR.RINR,,,,,,,,,,,,,,,,,,,,,,5.913103336,23.11125538,11.04926236,-4.144224141,9.86814334,9.833815242,5.573190266,10.4969677,6.350404806,2.681317942,6.089792127,10.87546923,10.70222547,8.267746271,7.250363083,12.30265291,9.53408906,8.76067737,10.22054708,11.81528447,14.01282571,12.12586335,9.287497971,10.28978127,3.469106,5.332397301,6.304614312,7.36560346,10.23099536,4.926560929,8.47001457,7.339185449,2.895599233,4.821813595,5.473051879,8.688561816,4.646662259,7.96112447,4.707764103,6.187577533,-1.976734216,3.278104278,
Latin America & Caribbean,LCN,Real interest rate (%),FR.INR.RINR,,,,,,,,,,,,,,,,,,,,,,,,,,,,,,,,,,,,,,,,,,,,,,,,,,,,,,,,,,,,,,,,
Least developed countries: UN classification,LDC,Real interest rate (%),FR.INR.RINR,,,,,,,,,,,,,,,,,,,,,,,,,,,,,,,,,,,,,,,,,,,,,,,,,,,,,,,,,,,,,,,,
Low income,LIC,Real interest rate (%),FR.INR.RINR,,,,,,,,,,,,,,,,,,,,,,,,,,,,,,,,,,,,,,,,,,,,,,,,,,,,,,,,,,,,,,,,
Liechtenstein,LIE,Real interest rate (%),FR.INR.RINR,,,,,,,,,,,,,,,,,,,,,,,,,,,,,,,,,,,,,,,,,,,,,,,,,,,,,,,,,,,,,,,,
Sri Lanka,LKA,Real interest rate (%),FR.INR.RINR,,,,,,,,,,,,,,,,,,,,,,,,,,,,,,,,,,,,,,,,,,0.514847021,4.676585245,1.468679128,0.611364964,0.312845407,1.413562674,2.6732136,2.204690475,9.248011791,-13.17004174,5.223912626,2.551872342,5.835557368,5.80537155,3.827736643,4.789413237,5.780781478,6.959910977,7.098875133,,,,
Lower middle income,LMC,Real interest rate (%),FR.INR.RINR,,,,,,,,,,,,,,,,,,,,,,,,,,,,,,,,,,,,,,,,,,,,,,,,,,,,,,,,,,,,,,,,
Low & middle income,LMY,Real interest rate (%),FR.INR.RINR,,,,,,,,,,,,,,,,,,,,,,,,,,,,,,,,,,,,,,,,,,,,,,,,,,,,,,,,,,,,,,,,
Lesotho,LSO,Real interest rate (%),FR.INR.RINR,,,,,,,,,,,,,,,,,,,,,-21.53231187,2.152199638,22.96715836,3.459962544,8.769773034,0.807771147,-2.440022224,-0.546631972,-5.341751707,3.405381815,7.520733241,1.844037158,3.783612427,4.074970708,6.016113702,3.154220338,11.04345585,8.268648114,9.224945363,10.10923966,10.17067381,4.558152776,2.541936266,13.25297161,2.531567097,5.469852928,2.607097868,22.30461717,-0.456542828,10.41083191,5.587195106,0.916378131,7.767625335,-0.326347465,-3.240849545,0.332986111,11.00555235,10.28362868,-0.354225598,8.798027721,1.121036004,8.062758772,4.558217507,
Late-demographic dividend,LTE,Real interest rate (%),FR.INR.RINR,,,,,,,,,,,,,,,,,,,,,,,,,,,,,,,,,,,,,,,,,,,,,,,,,,,,,,,,,,,,,,,,
Lithuania,LTU,Real interest rate (%),FR.INR.RINR,,,,,,,,,,,,,,,,,,,,,,,,,,,,,,,,,,,,,,,,,,,,,,,,,,,,,,,,,,,,,,,,
Luxembourg,LUX,Real interest rate (%),FR.INR.RINR,,,,,,,,,,,,,,,,,,,,,,,,,,,,,,,,,,,,,,,,,,,,,,,,,,,,,,,,,,,,,,,,
Latvia,LVA,Real interest rate (%),FR.INR.RINR,,,,,,,,,,,,,,,,,,,,,,,,,,,,,,,,,,,,,,,,,,,,,,,,,,,,,,,,,,,,,,,,
"Macao SAR, China",MAC,Real interest rate (%),FR.INR.RINR,,,,,,,,,,,,,,,,,,,,,,,,,,,0.837338333,-4.588556555,-0.728965644,-1.710571837,-0.473703172,-2.001661329,-6.527385346,-2.77249473,1.124211185,1.587353948,7.128895058,7.93477252,13.16970382,10.77651614,11.84277061,9.60980964,7.546308771,5.946444537,4.000885055,1.401860721,0.941568594,-0.876705726,-4.221251691,4.288347893,0.438268291,-2.084498301,-1.562774168,-2.304507854,-3.201054194,0.704162553,4.350824857,3.035850525,1.688690113,2.883729676,5.53367085,6.193435761,5.796727777,
St. Martin (French part),MAF,Real interest rate (%),FR.INR.RINR,,,,,,,,,,,,,,,,,,,,,,,,,,,,,,,,,,,,,,,,,,,,,,,,,,,,,,,,,,,,,,,,
Morocco,MAR,Real interest rate (%),FR.INR.RINR,,,,,,,,,,,,,,,,,,,,,,,,,,,,,,,,,,,,,,,,,,,,,,,,,,,,,,,,,,,,,,,,
Monaco,MCO,Real interest rate (%),FR.INR.RINR,,,,,,,,,,,,,,,,,,,,,,,,,,,,,,,,,,,,,,,,,,,,,,,,,,,,,,,,,,,,,,,,
Moldova,MDA,Real interest rate (%),FR.INR.RINR,,,,,,,,,,,,,,,,,,,,,,,,,,,,,,,,,,,,,6.89444896,18.50801429,19.51665646,-3.038070825,5.063989539,14.81401254,12.46889605,3.850743706,11.99332888,9.069245858,4.152944178,2.516018782,10.81971634,17.98461815,-12.71140672,5.774285124,5.579684183,8.054277576,5.582189224,2.30781539,10.35737418,3.868370945,5.461109875,2.75105923,2.467431084,0.95405304,-6.252693199,
Madagascar,MDG,Real interest rate (%),FR.INR.RINR,,,,,,,,,,,,,,,,,,,,,,,,,,,,,,12.1386915,12.46330729,15.60234804,9.106190173,14.23774467,-7.708603896,-9.582880005,13.1421813,24.73047361,19.57446231,18.71538152,13.71748554,16.29313653,7.512090325,26.40392902,9.307729864,6.345836977,15.69472563,27.1897603,33.97056149,35.24764237,32.46410144,38.15134299,48.03324403,50.76010319,49.90850314,47.14666449,46.84276932,52.43678815,43.48334497,39.87708944,42.71405656,39.04941825,37.38769627,
Maldives,MDV,Real interest rate (%),FR.INR.RINR,,,,,,,,,,,,,,,,,,,,,,,,,,,,,,,,,,,,,6.050100496,6.616427941,12.26570747,6.2318959,7.341436423,-27.41665795,9.37566872,6.928657251,0.054121162,3.221343375,0.651146466,-0.42394566,-1.173809448,-1.918670442,6.854780943,-2.158929156,3.316517915,4.117515352,6.943778072,3.520010932,10.52284298,7.841981282,7.159517087,13.00267425,15.48673395,8.598482853,7.49544941,
Middle East & North Africa,MEA,Real interest rate (%),FR.INR.RINR,,,,,,,,,,,,,,,,,,,,,,,,,,,,,,,,,,,,,,,,,,,,,,,,,,,,,,,,,,,,,,,,
Mexico,MEX,Real interest rate (%),FR.INR.RINR,,,,,,,,,,,,,,,,,,,,,,,,,,,,,,,,,,-17.24857091,10.09533911,14.85667585,7.647439655,3.742606558,9.196889619,7.304444821,5.628259588,5.937646423,2.567250763,2.630266109,-0.628122317,3.598260269,1.323831964,1.350297743,2.253200638,1.730765204,0.869831484,-0.718087368,0.132595601,2.523945467,-0.782518916,0.207059197,-1.247597348,0.717765144,2.695226949,3.971312893,1.431052019,0.822539278,1.367357562,
Marshall Islands,MHL,Real interest rate (%),FR.INR.RINR,,,,,,,,,,,,,,,,,,,,,,,,,,,,,,,,,,,,,,,,,,,,,,,,,,,,,,,,,,,,,,,,
Middle income,MIC,Real interest rate (%),FR.INR.RINR,,,,,,,,,,,,,,,,,,,,,,,,,,,,,,,,,,,,,,,,,,,,,,,,,,,,,,,,,,,,,,,,
North Macedonia,MKD,Real interest rate (%),FR.INR.RINR,,,,,,,,,,,,,,,,,,,,,,,,,,,,,,,,,,,,,,,,,,,,,,7.265168467,8.042405696,5.650167967,4.494107878,10.8427361,8.481425489,5.667228211,7.985221755,3.831266848,6.228067079,5.34575818,3.433369965,3.695885564,2.098377491,4.700387849,2.21851246,1.50661656,-1.909148851,
Mali,MLI,Real interest rate (%),FR.INR.RINR,,,,,,,,,,,,,,,,,,,,,,,,,,,,,,,,,,,,,,,,,,,,,,1.095290981,0.085806009,0.188054616,-2.136725008,0.326434553,0.717035021,-6.174714749,0.414662156,4.604815706,4.018706833,2.207017728,3.891301444,3.14489591,,,,,,
Malta,MLT,Real interest rate (%),FR.INR.RINR,,,,,,,,,,,,,,,,,,,,,,,,,,,,,,,,,,,,5.886013078,5.74512493,2.250266032,6.17012965,4.626910847,19.35197454,2.376834951,3.224693893,3.90532385,3.144544012,3.50298425,3.420162673,3.866032634,2.575067907,2.401448826,1.390292877,3.581677177,2.5026928,2.374774751,,,,,,,,,,
Myanmar,MMR,Real interest rate (%),FR.INR.RINR,,,,,,,,,,,,,,,,,,,,,,,,,,,,,,,,,,,-1.451880736,0.591006433,-2.218673927,-10.08005555,-11.42464205,-2.278477686,15.91564946,-5.112702696,-16.28688017,-1.688845968,14.34386928,-0.589099234,-1.24123728,-2.20053801,6.428890385,15.29814261,12.96659992,8.932044122,12.4792892,11.13445484,11.35266174,11.39204875,12.23585419,9.564810611,10.11846839,10.03298494,9.007835035,,,
Middle East & North Africa (excluding high income),MNA,Real interest rate (%),FR.INR.RINR,,,,,,,,,,,,,,,,,,,,,,,,,,,,,,,,,,,,,,,,,,,,,,,,,,,,,,,,,,,,,,,,
Montenegro,MNE,Real interest rate (%),FR.INR.RINR,,,,,,,,,,,,,,,,,,,,,,,,,,,,,,,,,,,,,,,,,,,,,,7.743118248,0.951080777,-5.893611091,1.495141317,6.787809769,7.800658921,8.38313881,9.368898457,7.174729524,8.290364575,6.56797931,2.731273679,3.247479159,3.199830331,4.070538963,6.092972203,0.987900165,-5.97834503,
Mongolia,MNG,Real interest rate (%),FR.INR.RINR,,,,,,,,,,,,,,,,,,,,,,,,,,,,,,,,,,,,,,,50.9791099,29.87558752,22.27952707,24.35655031,27.40158408,19.65780615,12.66747256,8.719842376,4.055995563,9.137236011,-0.71258074,19.48433853,-13.73017431,1.294458363,4.725331319,15.13409784,10.77405246,18.838079,16.26167578,8.30906022,9.034455714,6.387440867,12.75125152,1.386729673,,
Northern Mariana Islands,MNP,Real interest rate (%),FR.INR.RINR,,,,,,,,,,,,,,,,,,,,,,,,,,,,,,,,,,,,,,,,,,,,,,,,,,,,,,,,,,,,,,,,
Mozambique,MOZ,Real interest rate (%),FR.INR.RINR,,,,,,,,,,,,,,,,,,,,,,,,,,,,,,,,,,,,,,17.56896238,17.13856506,9.814969703,6.65105678,6.923638422,15.3657174,20.31051984,15.38905295,11.30718363,10.32928523,11.24485612,12.5124537,13.99832582,8.005407058,16.36688979,13.21858598,12.3968931,13.5647501,7.291755358,8.037660794,18.40940396,18.48663301,13.64252868,13.47592597,13.02345306,12.90629749,
Mauritania,MRT,Real interest rate (%),FR.INR.RINR,,,,,,,,,,,,,,,,,,,,,5.117486184,4.41420073,1.738679654,4.423258494,0.980405527,1.591977311,4.418923376,1.392216643,6.278804873,1.874372837,7.168106837,-22.21371538,9.543413358,5.066841576,6.367719544,17.00805782,19.7756894,8.853672924,5.950435649,22.16710786,18.08317785,15.75537537,13.38634391,15.80556499,9.070382745,7.416376436,8.685112483,13.41139244,8.686177856,19.93046421,-4.36736173,-0.465994035,16.46909059,11.97461481,32.76795082,22.8912964,5.20624358,15.17568812,,,,,,
Mauritius,MUS,Real interest rate (%),FR.INR.RINR,,,,,,,,,,,,,,,,,,,,,-11.70863593,1.193896782,4.142518216,6.129501947,5.384448147,5.20687014,5.842087418,1.071604916,3.672112729,4.572312978,6.706570629,8.461089679,11.17133139,6.741531348,11.60075675,14.61938362,12.9067231,13.12385496,12.10981092,14.12481702,16.78843039,13.99969162,13.91528471,14.55817327,13.24768651,16.44432851,9.041725028,12.52521688,5.539934772,9.969420877,7.6622718,5.578830172,6.051931322,4.192342742,6.197319227,7.002467571,5.972935427,6.7529814,6.712156095,8.95757108,4.535265342,3.599974583,-2.038385237,
Malawi,MWI,Real interest rate (%),FR.INR.RINR,,,,,,,,,,,,,,,,,,,,,,1.799104613,8.058069496,6.386380334,3.305734902,8.669877931,4.837239395,2.378376782,-6.744743311,0.400388505,9.3430614,8.408610758,7.701139079,1.034010846,3.826620192,-16.86397599,-4.602860421,6.136599129,15.15551417,9.945226613,17.30664374,24.31427809,-29.2213626,34.95417705,19.14440847,20.17504695,10.23841046,22.68550944,11.89045665,16.0798939,11.14606936,8.561928153,12.48735638,14.92753791,19.27787102,20.50879646,19.80120472,25.3362029,24.65007946,16.65852852,13.89598786,13.2547634,2.839455836,
Malaysia,MYS,Real interest rate (%),FR.INR.RINR,,,,,,,,,,4.036026803,9.759154068,9.704132768,8.496940703,-6.798879803,-1.312435133,13.75076898,-2.391779604,2.437539037,-0.455552756,-2.346500948,3.045538122,10.71638514,9.590517579,5.537334854,7.077983517,14.38950648,22.95687765,2.503824191,5.481540543,4.244741986,4.795417723,5.56337121,7.564791778,5.812133912,4.643983009,4.917892769,6.041122478,6.90550976,3.350681619,8.514010655,-1.085738977,8.848512896,3.296312371,2.906032398,0.034478791,-2.673174104,2.409000977,1.456735347,-3.903381938,11.78239296,-2.113277326,-0.471868634,3.748419374,4.467530817,2.068518216,3.307037704,2.825945183,0.79892604,4.277048074,4.801617186,4.801491997,-2.141199966,-2.384056116,
North America,NAC,Real interest rate (%),FR.INR.RINR,,,,,,,,,,,,,,,,,,,,,,,,,,,,,,,,,,,,,,,,,,,,,,,,,,,,,,,,,,,,,,,,
Namibia,NAM,Real interest rate (%),FR.INR.RINR,,,,,,,,,,,,,,,,,,,,,,,,,,,,,,,,16.39488875,9.018394062,6.9397894,-2.827316484,11.08610642,3.45889198,12.19830926,11.49871896,10.95554851,3.591989766,2.992616599,3.485247986,13.26116179,9.161986184,4.746221087,1.621700839,3.292021005,2.501098534,3.901924605,5.778789664,4.734508011,-2.344442065,4.084375542,0.428951201,5.25645279,1.737319303,0.097994734,5.471391623,8.867374554,3.093806874,4.794697798,1.730674572,
New Caledonia,NCL,Real interest rate (%),FR.INR.RINR,,,,,,,,,,,,,,,,,,,,,,,,,,,,,,,,,,,,,,,,,,,,,,,,,,,,,,,,,,,,,,,,
Niger,NER,Real interest rate (%),FR.INR.RINR,,,,,,,,,,,,,,,,,,,,,,,,,,,,,,,,,,,,,,,,,,,,,,2.034613046,3.192699986,-2.13477736,-4.671742818,0.755772674,1.583270972,1.235252146,-0.255604358,5.677634437,5.767407214,2.840837677,3.440598192,4.754214604,,,,,,
Nigeria,NGA,Real interest rate (%),FR.INR.RINR,,,,,,,,,,,-29.26951734,5.576788729,3.991658479,1.569257787,-25.6667594,-13.96816184,-6.867482828,-4.257604521,-6.289567711,-2.994708212,-3.547418215,-65.8571487,-4.586180209,-8.022386439,4.342492625,2.343230572,4.310292249,-4.76964481,-2.962676482,-6.612412439,17.46624444,0.990847345,-14.98716799,-7.052474656,-15.92023297,-31.4525655,-5.260784137,12.12661189,11.48466906,6.047248344,-1.14088864,12.13870249,3.023542279,9.935713381,-2.604847057,-1.593680482,-5.627968048,9.18717123,6.684908634,18.18000167,1.067736065,5.685579859,6.224808614,11.20162222,11.35621302,13.59615325,6.686233623,5.790566865,6.055977158,4.522188496,5.371280211,1.22771853,0.919231895,
Nicaragua,NIC,Real interest rate (%),FR.INR.RINR,,,,,,,,,,,,,,,,,,,,,,,,,,,,,628.3196663,-88.42983653,-97.69347712,-97.52007697,-6.352399176,-3.189620608,-50.15877017,2.544035726,6.702558523,6.761060272,3.219692697,7.642792257,8.821366248,10.54772803,14.57340717,9.700975332,4.071982898,2.033608288,3.437427862,3.071241403,-2.606709571,7.550798235,6.767166763,0.294104811,5.413109787,10.19139592,4.746631711,4.149499327,6.547643927,6.392541674,8.025151154,6.700250378,5.504180706,5.856602905,0.286798573,
Netherlands,NLD,Real interest rate (%),FR.INR.RINR,,,,,,,,,,,,,,,,,,,,,,,,,,,,,,,,,,,,,,,,2.147404196,1.325944635,0.782402683,0.180968513,0.812095934,1.527566877,0.766842868,0.956074205,2.480558658,2.246040171,1.758750133,0.802043739,1.802856644,0.176340359,0.217232399,,,,,,,,,,
Norway,NOR,Real interest rate (%),FR.INR.RINR,,,,,,,,,,,,,,,,,,,,,,,,,,,,,,,,,,,,,,,,,,,,,,,,,,,,,,1.752027631,3.943147373,6.486376482,4.743909446,-1.032961377,-3.57599603,3.805170871,5.349419417,-14.92287678,-19.38364802,
Nepal,NPL,Real interest rate (%),FR.INR.RINR,,,,,,,,,,,,,,,,,,,,,,,,,,,,,,,,,,,,,,,,,,,,,,,,,,,,,,,,,,,,,,,,
Nauru,NRU,Real interest rate (%),FR.INR.RINR,,,,,,,,,,,,,,,,,,,,,,,,,,,,,,,,,,,,,,,,,,,,,,,,,,,,,,,,,,,,,,,,
New Zealand,NZL,Real interest rate (%),FR.INR.RINR,,,,,,,,,,,,,,,,,,,,,,,,,,,,,,,,,,,,,,,7.859436431,6.427336568,4.792761735,3.594774553,6.857480306,4.827993385,4.227518113,5.649366736,5.357041884,3.144810154,6.066723447,3.850046482,3.023510209,3.535823378,6.007822328,1.321320787,5.365708044,4.270209274,2.611409867,1.2006166,,,,,,
OECD members,OED,Real interest rate (%),FR.INR.RINR,,,,,,,,,,,,,,,,,,,,,,,,,,,,,,,,,,,,,,,,,,,,,,,,,,,,,,,,,,,,,,,,
Oman,OMN,Real interest rate (%),FR.INR.RINR,,,,,,,,,,,,,,,,,,,,,,,,,15.81237353,10.80331681,38.4944133,-1.688826108,7.926483105,9.852250302,-12.00501714,19.74477043,7.987241264,15.09277922,8.873425555,7.395702709,1.754863435,11.67648085,27.44845438,-0.457577362,-6.18960963,14.83182415,3.935770844,-1.770370546,-4.484766094,-12.39626535,-5.577276691,-0.826940502,-20.129004,43.34256585,-18.86496961,-8.079733794,2.214694239,7.911581547,3.407896829,29.71419215,15.45980935,-1.999367849,-5.804866112,8.300818394,18.21435472,-6.387003364,,
Other small states,OSS,Real interest rate (%),FR.INR.RINR,,,,,,,,,,,,,,,,,,,,,,,,,,,,,,,,,,,,,,,,,,,,,,,,,,,,,,,,,,,,,,,,
Pakistan,PAK,Real interest rate (%),FR.INR.RINR,,,,,,,,,,,,,,,,,,,,,,,,,,,,,,,,,,,,,,,,,,,,,0.005740735,3.330537511,4.707521704,1.302448554,1.816946963,1.924699354,3.123155872,-1.710998401,3.275933783,4.28626671,4.216252635,5.470839389,7.761265133,4.018325688,4.515568205,2.931793303,0.739692508,-1.452259423,,
Panama,PAN,Real interest rate (%),FR.INR.RINR,,,,,,,,,,,,,,,,,,,,,,,,,,,,,,,,,,,,,12.04624462,9.233804482,10.08691846,9.46852936,11.87557733,9.842253153,8.764676966,8.696084684,6.726159456,6.797830724,6.582834414,3.785733756,0.351852597,1.085466452,4.601493618,1.581792865,1.458142219,1.800083278,2.626838885,3.91908601,4.506464847,4.951297775,2.4371186,6.753458796,7.601182235,4.906399624,4.351510255,
Peru,PER,Real interest rate (%),FR.INR.RINR,,,,,,,,,,,,,,,,,,,,,,,,,,-39.27262311,-19.13144011,-28.95887076,-62.77055682,-45.6462856,-31.45967671,61.18594165,46.60393798,32.69033995,22.62187752,19.8771272,19.91616472,22.02446488,25.86627529,31.20635655,25.56984775,24.41195004,20.63384586,18.87154951,17.3087052,21.28436819,15.11949891,21.05116741,22.32387459,18.5944908,12.54947337,11.17808786,17.82002249,16.90330807,12.99478509,13.06382202,12.98525678,12.71220357,11.9886777,12.28326446,8.676165394,2.33101708,7.867630789,
Philippines,PHL,Real interest rate (%),FR.INR.RINR,,,,,,,,,,,,,,,,,3.337382544,3.352682914,2.417648019,-0.818652926,-0.20536031,3.194510287,8.722557006,4.367419455,-16.1900974,9.867206389,14.23028288,5.433439049,5.613499007,9.321476328,9.8809821,5.73775233,10.74992507,7.371178614,4.53988039,6.540052154,6.640220277,9.425890844,5.771212914,5.117438949,4.810493245,6.421884237,4.708199925,6.085285047,3.955247393,4.035489721,4.44011945,5.357597018,1.466578322,5.672578241,3.163508987,2.640950498,3.613268953,3.63093413,2.399600236,6.34358649,4.306550984,3.231999269,2.292106403,6.354461587,,,,
Palau,PLW,Real interest rate (%),FR.INR.RINR,,,,,,,,,,,,,,,,,,,,,,,,,,,,,,,,,,,,,,,,,,,,,,,,,,,,,,,,,,,,,,,,
Papua New Guinea,PNG,Real interest rate (%),FR.INR.RINR,,,,,,,,,,,,,,,,,,,,,,,,-5.963786777,2.979267142,9.763348572,10.82952181,3.676954596,4.407347674,17.61143188,10.92868095,6.704507847,11.33227138,14.13611189,1.777954877,-2.33963429,11.28694944,1.865602659,2.759041661,7.046922706,3.925717979,8.692587939,1.423750151,7.4062393,15.55308044,-0.635761691,-31.1172423,6.792383876,-2.210867236,15.74155594,0.480973312,1.81485584,11.4555568,6.316495981,3.735335805,10.08781132,5.712976777,0.639555495,-0.658125153,7.506807343,6.082518724,-3.749034888,-6.457224649,
Poland,POL,Real interest rate (%),FR.INR.RINR,,,,,,,,,,,,,,,,,,,,,,,,,,,,,,,,,,,,,,,,,,,,,,,,,,,,,,,,,,,,,,,,
Pre-demographic dividend,PRE,Real interest rate (%),FR.INR.RINR,,,,,,,,,,,,,,,,,,,,,,,,,,,,,,,,,,,,,,,,,,,,,,,,,,,,,,,,,,,,,,,,
Puerto Rico,PRI,Real interest rate (%),FR.INR.RINR,,,,,,,,,,,,,,,,,,,,,,,,,,,,,,,,,,,,,,,,,,,,,,,,,,,,,,,,,,,,,,,,
"Korea, Dem. People's Rep.",PRK,Real interest rate (%),FR.INR.RINR,,,,,,,,,,,,,,,,,,,,,,,,,,,,,,,,,,,,,,,,,,,,,,,,,,,,,,,,,,,,,,,,
Portugal,PRT,Real interest rate (%),FR.INR.RINR,,,,,,,,,,,,,,,,,,,,,,,,,,,,,,,,,,,,,,,,,,,,,,,,,,,,,,,,,,,,,,,,
Paraguay,PRY,Real interest rate (%),FR.INR.RINR,,,,,,,,,,,,,,,,,,,,,,,,,,,,,,,,,,,25.24181269,25.34473234,22.81907784,27.75467857,16.32145238,21.89273802,14.20353864,16.42689975,22.65700468,37.0207819,24.08131359,19.13485083,23.8660041,14.45835025,15.68312465,27.98723539,24.3017624,11.70584739,11.79426984,14.31208516,17.81994433,17.84574245,13.38659908,14.50938861,13.49296264,12.05332607,11.08900009,3.745212562,,
West Bank and Gaza,PSE,Real interest rate (%),FR.INR.RINR,,,,,,,,,,,,,,,,,,,,,,,,,,,,,,,,,,,,,,,,,,,,,12.75706328,7.274690462,2.214923387,3.061237667,-8.393294113,4.256106484,-6.062534962,1.296514079,3.986036855,1.681032604,2.639404194,10.89292287,4.810218377,2.486483979,6.19365816,2.005298077,3.224785422,-3.119417484,,
Pacific island small states,PSS,Real interest rate (%),FR.INR.RINR,,,,,,,,,,,,,,,,,,,,,,,,,,,,,,,,,,,,,,,,,,,,,,,,,,,,,,,,,,,,,,,,
Post-demographic dividend,PST,Real interest rate (%),FR.INR.RINR,,,,,,,,,,,,,,,,,,,,,,,,,,,,,,,,,,,,,,,,,,,,,,,,,,,,,,,,,,,,,,,,
French Polynesia,PYF,Real interest rate (%),FR.INR.RINR,,,,,,,,,,,,,,,,,,,,,,,,,,,,,,,,,,,,,,,,,,,,,,,,,,,,,,,,,,,,,,,,
Qatar,QAT,Real interest rate (%),FR.INR.RINR,,,,,,,,,,,,,,,,,,,,,,,,,,,,,,,,,,,,,,,,,,,,,-6.119690215,-18.30131687,-1.090435531,-3.191431658,-13.06383636,41.25294814,0.273060307,-10.80839955,-0.892370942,4.312090758,6.543701477,39.48937305,14.30115571,-2.867711715,-6.612818867,9.937804825,22.59952355,-15.20009189,-17.10705095,
Romania,ROU,Real interest rate (%),FR.INR.RINR,,,,,,,,,,,,,,,,,,,,,,,,,,,,,,,,,,-43.05071035,-20.34590377,4.712728259,7.729772833,-26.69067165,4.848395169,10.78045622,7.451565895,5.395682372,10.35798938,1.852768342,8.796296172,6.779794018,3.051434489,-2.130870771,-0.885438453,12.6704102,7.706709952,7.838811555,7.250336431,9.007634943,6.641973735,3.392005094,3.009005202,0.871983736,0.561074218,0.333636642,2.283259706,0.159322304,-4.935054793,
Russian Federation,RUS,Real interest rate (%),FR.INR.RINR,,,,,,,,,,,,,,,,,,,,,,,,,,,,,,,,,,,,,,14.7604588,19.61608056,-18.95155294,-9.633111443,1.226578507,0.032935385,-0.60017068,-7.328985862,-7.206689911,-4.07869184,-3.344926612,-4.90496209,13.07996529,-2.955083732,-12.85693529,0.176416619,3.937070193,3.397146836,7.894593575,9.484354473,4.945604231,-1.028482595,5.316709231,5.825262121,-9.924684567,-3.752475383,
Rwanda,RWA,Real interest rate (%),FR.INR.RINR,,,,,,,,,,,,,,,,,,,,,,,,,,,,,,,,,,,,,6.612264665,0.945756221,13.19446682,4.687764393,12.79028654,16.8123966,22.62554852,-3.629734343,4.403251433,6.189471028,13.08265361,2.712119383,1.569236166,8.936664496,13.38690432,8.839299939,11.4377336,14.24542861,11.96102716,16.76547918,11.67534946,8.349489992,17.69802337,13.7460423,9.015076855,13.0941587,0.309653846,
South Asia,SAS,Real interest rate (%),FR.INR.RINR,,,,,,,,,,,,,,,,,,,,,,,,,,,,,,,,,,,,,,,,,,,,,,,,,,,,,,,,,,,,,,,,
Saudi Arabia,SAU,Real interest rate (%),FR.INR.RINR,,,,,,,,,,,,,,,,,,,,,,,,,,,,,,,,,,,,,,,,,,,,,,,,,,,,,,,,,,,,,,,,
Sudan,SDN,Real interest rate (%),FR.INR.RINR,,,,,,,,,,,,,,,,,,,,,,,,,,,,,,,,,,,,,,,,,,,,,,,,,,,,,,,,,,,,,,,,
Senegal,SEN,Real interest rate (%),FR.INR.RINR,,,,,,,,,,,,,,,,,,,,,,,,,,,,,,,,,,,,,,,,,,,,,,2.223327325,1.799257241,-1.723489985,-2.986951886,6.781073639,3.453508901,1.346505242,1.709097337,4.053292196,6.95969224,4.041150441,4.298274045,4.514047781,,,,,,
Singapore,SGP,Real interest rate (%),FR.INR.RINR,,,,,,,,,,,,,,,,,,,3.006598092,3.105355028,0.535024862,7.338346859,5.448404087,5.698663994,8.861425773,9.671383031,8.17523644,5.538085743,0.505967656,1.970538148,2.545503615,3.014293787,4.502318134,1.867598854,2.334747479,3.094595395,4.683237201,5.181291176,8.888631675,9.725802426,1.896581804,7.600674107,6.299247905,7.235892783,1.289416952,3.336078554,3.405513092,-0.55404274,6.856278723,2.356467094,4.225382135,4.160490844,4.860577563,5.836216953,5.632323555,2.210150171,4.857710615,2.337636392,1.734056407,5.462663534,8.166665291,-3.248964643,,
Solomon Islands,SLB,Real interest rate (%),FR.INR.RINR,,,,,,,,,,,,,,,,,,,,,,-3.662879001,-2.136633296,4.254206947,0.971564961,3.129667753,9.540650905,5.237109578,1.016979579,14.06075251,-12.01051875,11.38755384,3.009487538,-1.048505493,-10.50288752,4.529153002,2.992051961,5.709652654,2.561627714,5.913268936,4.522841874,0.084614949,-1.149455302,-12.62010459,6.010979455,-1.309227822,-0.163419216,-1.184274732,1.475946838,5.047565475,12.47041208,8.323860535,6.331583252,8.228339217,6.983413886,6.889235487,9.72136458,7.914122901,2.68017281,9.240185434,12.16988677,3.974894891,,
Sierra Leone,SLE,Real interest rate (%),FR.INR.RINR,,,,,,2.664606977,5.126402683,14.71143773,1.249698985,-5.400045256,10.36453134,16.04089754,1.934606311,-12.35555997,-5.396688943,-0.338701111,0.661033345,-7.304526905,-10.37553642,-0.480305614,18.09607994,5.79741086,-2.954919179,-1.832698546,-15.57393256,-30.72402277,-34.35013554,-51.6172492,-22.08815816,-19.70670541,-10.60518491,-31.69747261,-10.54272558,18.71761139,1.816130229,-3.566411804,1.961725299,21.13852953,0.047029202,8.225244964,22.23916035,-27.47967282,27.16973641,6.009233482,8.20453061,6.832323039,10.22909041,17.2585671,13.99666898,12.54614327,3.249551946,3.158600661,7.995972736,12.7159297,17.30560414,-0.760895143,9.791960653,6.151412192,1.711335034,9.529820116,6.332217459,11.40452101,-4.802159386,
El Salvador,SLV,Real interest rate (%),FR.INR.RINR,,,,,,,,,,,,,,,,,,,,,,,,,,,,,,,,,,,,,,,,,,,,,,,,,,,,,,,,,,,,,,,,
San Marino,SMR,Real interest rate (%),FR.INR.RINR,,,,,,,,,,,,,,,,,,,,,,,,,,,,,,,,,,,,,,,,,,5.254468173,5.433544914,4.9151608,5.025559203,5.416779601,4.604612755,9.747137827,4.921164321,4.696190076,3.896411706,5.758507607,3.255870776,4.531418101,5.699071578,3.256500619,1.683001162,2.283386608,2.056330153,3.043074756,3.377692826,-3.19050288,,
Somalia,SOM,Real interest rate (%),FR.INR.RINR,,,,,,,,,,,,,,,,-8.452033385,-6.73862787,-2.545400218,-6.661693655,-4.908020256,-46.49163711,-8.429496233,-12.08745642,-15.1549635,-34.758746,-8.185365929,-9.693546619,-8.031953554,-21.30189205,,,,,,,,,,,,,,,,,,,,,,,,,,,,,,,,,,,
Serbia,SRB,Real interest rate (%),FR.INR.RINR,,,,,,,,,,,,,,,,,,,,,,,,,,,,,,,,,,,,,,-1.496566429,-6.638473529,-19.19446991,-1.266712382,-25.67959281,-13.58051313,-8.800701382,-4.318603967,-9.739032101,-6.443934286,-3.963634505,-2.798948339,-0.94273935,-0.917490261,,,,,,,,,,,,,
Sub-Saharan Africa (excluding high income),SSA,Real interest rate (%),FR.INR.RINR,,,,,,,,,,,,,,,,,,,,,,,,,,,,,,,,,,,,,,,,,,,,,,,,,,,,,,,,,,,,,,,,
South Sudan,SSD,Real interest rate (%),FR.INR.RINR,,,,,,,,,,,,,,,,,,,,,,,,,,,,,,,,,,,,,,,,,,,,,,,,,,,,,-23.53581405,-16.81025034,61.8826039,-3.321404055,-33.00918961,-77.56128012,-27.28786833,-25.09795733,14.55130674,-8.153528605,-49.95519328,
Sub-Saharan Africa,SSF,Real interest rate (%),FR.INR.RINR,,,,,,,,,,,,,,,,,,,,,,,,,,,,,,,,,,,,,,,,,,,,,,,,,,,,,,,,,,,,,,,,
Small states,SST,Real interest rate (%),FR.INR.RINR,,,,,,,,,,,,,,,,,,,,,,,,,,,,,,,,,,,,,,,,,,,,,,,,,,,,,,,,,,,,,,,,
Sao Tome and Principe,STP,Real interest rate (%),FR.INR.RINR,,,,,,,,,,,,,,,,,,,,,,,,,,,,,,,,,,,,,,,,,,,23.22727706,13.83540952,13.00134435,10.16453269,14.09662584,20.80007396,2.772460652,15.05440874,20.48291941,13.67229689,18.50350387,17.465611,17.73257777,17.99182426,11.70585574,14.92355054,10.05693135,7.00822631,8.748454323,12.66793652,,
Suriname,SUR,Real interest rate (%),FR.INR.RINR,,,,,,,,,,,,,,,,,,,,,,,,,,,,,,,-27.48906784,-3.060093386,-19.25435875,-57.52634537,-78.56533991,-62.75419569,21.48900749,31.19040916,8.415014928,-26.7846946,-19.74758257,-9.89407701,-11.10919196,-0.227758123,6.73863741,1.609997479,-16.82617235,6.898239635,-2.874922397,4.851803072,4.099001972,-1.829986334,0.908894422,11.55522213,10.53283896,7.404869688,-8.536317346,-10.70461998,8.175726537,9.303491481,-20.94895148,-28.5036675,-20.25211603,
Slovak Republic,SVK,Real interest rate (%),FR.INR.RINR,,,,,,,,,,,,,,,,,,,,,,,,,,,,,,,,,,,,,,,,,,,,,,,,,,,,,,,,,,,,,,,,
Slovenia,SVN,Real interest rate (%),FR.INR.RINR,,,,,,,,,,,,,,,,,,,,,,,,,,,,,,,,,,,,,,,,,,,,,,,,,,,,,,,,,,,,,,,,
Sweden,SWE,Real interest rate (%),FR.INR.RINR,,,,,,,,,,,,,,,,,,,,,,,,,,,,,,,,,14.04208369,9.673719997,7.858574452,7.059541831,7.641335837,5.451321159,5.596542673,4.437294487,4.203435428,3.167803897,4.180166696,3.261802119,3.836701048,2.826218266,1.887449349,,,,,,,,,,,,,,,,,
Eswatini,SWZ,Real interest rate (%),FR.INR.RINR,,,,,,,,,,,,,,,,6.271983546,-2.703417154,0.048779269,-0.073075126,-3.378627432,1.192558663,7.477180664,1.905990998,11.23107153,8.344995713,13.81072803,0.321220231,10.63681617,-8.848824014,11.27877682,-12.18308752,6.654776511,4.256369885,-2.593008256,2.955357885,0.347010857,10.20065033,7.32423589,11.2608265,11.43266667,-9.049525695,3.953806755,5.816532081,8.131186282,7.143820949,3.817847384,6.848736198,7.763103634,3.99160901,1.462218099,6.349809975,3.473535253,0.001495653,1.846377912,1.379663264,3.312899511,2.805082988,8.071839441,7.276562825,8.256430982,4.583490318,8.571147612,-0.270525867,
Sint Maarten (Dutch part),SXM,Real interest rate (%),FR.INR.RINR,,,,,,,,,,,,,,,,,,,,,,,,,,,,,,,,,,,,,,,,,,,,,,,,,,,,,,,,,,,,,,,,
Seychelles,SYC,Real interest rate (%),FR.INR.RINR,,,,,,,,,,,,,,,,,,,,,,,,,,,,,,13.10237497,8.721732633,17.98648204,10.40915227,12.31216965,12.72271353,18.21127068,23.73952716,13.88473412,3.523876311,8.930402005,9.367775438,4.209416352,6.731164157,4.406965267,-11.77667824,9.267881537,8.48523589,-0.167198865,-15.24983484,-10.03009038,15.13002188,10.01828471,1.575831216,6.289999449,4.944474185,11.77614507,12.58350229,7.378041089,10.09058972,12.99230837,14.02895106,10.20732429,14.20229723,
Syrian Arab Republic,SYR,Real interest rate (%),FR.INR.RINR,,,,,,,,,,,,,,,,,,,,,,,,,,,,,,,,,,,,,,,,,,,,,,,,,,,,,,,,,,,,,,,,
Turks and Caicos Islands,TCA,Real interest rate (%),FR.INR.RINR,,,,,,,,,,,,,,,,,,,,,,,,,,,,,,,,,,,,,,,,,,,,,,,,,,,,,,,,,,,,,,,,
Chad,TCD,Real interest rate (%),FR.INR.RINR,,,,,,,,,,,,,,,,,,,,,,,,,,,,,,,,,,,,,,,,,,,,,,,,,,,,,,,,,,,,,,,,
East Asia & Pacific (IDA & IBRD countries),TEA,Real interest rate (%),FR.INR.RINR,,,,,,,,,,,,,,,,,,,,,,,,,,,,,,,,,,,,,,,,,,,,,,,,,,,,,,,,,,,,,,,,
Europe & Central Asia (IDA & IBRD countries),TEC,Real interest rate (%),FR.INR.RINR,,,,,,,,,,,,,,,,,,,,,,,,,,,,,,,,,,,,,,,,,,,,,,,,,,,,,,,,,,,,,,,,
Togo,TGO,Real interest rate (%),FR.INR.RINR,,,,,,,,,,,,,,,,,,,,,,,,,,,,,,,,,,,,,,,,,,,,,,2.719852734,5.272253182,-29.33156876,-3.749770603,1.804034151,5.211533561,2.369510991,3.232197982,3.544559389,4.835254343,2.887844517,3.78210111,6.078432857,,,,,,
Thailand,THA,Real interest rate (%),FR.INR.RINR,,,,,,,,,,,,,,,,,6.262932109,4.604205531,1.168657134,3.969564126,3.055257043,8.153283418,11.32754779,11.15221596,15.12481298,13.60981725,11.53121579,6.510928117,5.348397416,5.779725927,8.171716429,9.124942558,7.346329001,4.391006807,5.945261762,7.102087274,8.93166038,8.834094764,5.87889883,11.86179246,6.416871607,5.252581151,,,0.949922532,-0.354173197,1.112794602,3.486985687,0.654506895,4.572319805,0.243128639,1.276682032,3.216757125,3.224334982,3.457843171,3.981013973,1.78511917,2.469714624,2.679797289,3.038915787,4.633847664,1.32748942,-1.514931569,
Tajikistan,TJK,Real interest rate (%),FR.INR.RINR,,,,,,,,,,,,,,,,,,,,,,,,,,,,,,,,,,,,,,,,,,,-3.878876297,-8.150462962,2.455078029,12.57419374,2.554517454,-3.362205465,-3.56503833,9.355201282,9.725941381,8.062972034,8.246125101,19.97544733,18.86532865,17.75116938,24.27035304,18.06944021,24.09604201,19.18895969,,,,
Turkmenistan,TKM,Real interest rate (%),FR.INR.RINR,,,,,,,,,,,,,,,,,,,,,,,,,,,,,,,,,,,,,,,,,,,,,,,,,,,,,,,,,,,,,,,,
Latin America & the Caribbean (IDA & IBRD countries),TLA,Real interest rate (%),FR.INR.RINR,,,,,,,,,,,,,,,,,,,,,,,,,,,,,,,,,,,,,,,,,,,,,,,,,,,,,,,,,,,,,,,,
Timor-Leste,TLS,Real interest rate (%),FR.INR.RINR,,,,,,,,,,,,,,,,,,,,,,,,,,,,,,,,,,,,,,,,,,,,,,,,,,,,-0.467443608,5.699264916,-3.625258193,13.69442015,5.871063432,13.79510993,13.45877328,14.97605764,10.00064282,41.16297454,-30.10003015,-0.31512028,
Middle East & North Africa (IDA & IBRD countries),TMN,Real interest rate (%),FR.INR.RINR,,,,,,,,,,,,,,,,,,,,,,,,,,,,,,,,,,,,,,,,,,,,,,,,,,,,,,,,,,,,,,,,
Tonga,TON,Real interest rate (%),FR.INR.RINR,,,,,,,,,,,,,,,,,,,,,,,,,,,,,,,,,,,,,,,,,,,,,,,,,,,,,5.502576466,12.01026812,8.631562574,2.805260187,4.72812528,2.138116419,2.756564461,0.336149494,12.55366272,9.895541202,-0.600445663,
South Asia (IDA & IBRD),TSA,Real interest rate (%),FR.INR.RINR,,,,,,,,,,,,,,,,,,,,,,,,,,,,,,,,,,,,,,,,,,,,,,,,,,,,,,,,,,,,,,,,
Sub-Saharan Africa (IDA & IBRD countries),TSS,Real interest rate (%),FR.INR.RINR,,,,,,,,,,,,,,,,,,,,,,,,,,,,,,,,,,,,,,,,,,,,,,,,,,,,,,,,,,,,,,,,
Trinidad and Tobago,TTO,Real interest rate (%),FR.INR.RINR,,,,,,,,,,,,,,,,,,,,-12.59581209,-10.37750371,3.880052926,-0.590170571,5.063416057,6.357181308,11.30993046,13.41734148,6.339684357,8.089022703,5.71772755,-2.267652316,11.4180715,23.90090401,6.146590625,2.393764297,10.55721798,13.68894059,19.57039101,19.55281202,12.21293985,3.977794996,12.52283751,18.63956764,0.622840513,0.393330895,-3.721501934,9.032103071,-0.888544432,-9.172622798,54.67772821,-3.061060946,-6.705743095,7.338185586,5.751114149,8.493875352,18.53485666,9.814308215,0.726667931,6.239076911,13.5799653,10.75466491,-9.787180408,-11.02924554,
Tunisia,TUN,Real interest rate (%),FR.INR.RINR,,,,,,,,,,,,,,,,,,,,,,,,,,,,,,,,,,,,,,,,,,,,,,,,,,,,,,,,,,,,,,,,
Turkiye,TUR,Real interest rate (%),FR.INR.RINR,,,,,,,,,,,,,,,,,,,,,,,,,,,,,,,,,,,,,,,,,,,,,,,,,,,,,,,,,,,,,,,,
Tuvalu,TUV,Real interest rate (%),FR.INR.RINR,,,,,,,,,,,,,,,,,,,,,,,,,,,,,,,,,,,,,,,,,,,,,,,,,,,,,,,,,,,,,,,,
Tanzania,TZA,Real interest rate (%),FR.INR.RINR,,,,,,,,,,,,,,,,,,,,,,,,,,,,,,,,,1.583554,2.329131425,2.479062277,8.62600724,12.27968757,4.712578397,-26.49957712,10.12178781,12.36253165,14.54100202,8.547002747,5.62474852,6.787345316,8.327256064,9.612352705,6.389565196,-1.201762229,5.492230434,4.674687403,2.464304207,4.591413722,5.648641681,9.655733868,7.912936186,7.896286481,14.70937325,13.98595349,14.36289174,9.637502016,,,
Uganda,UGA,Real interest rate (%),FR.INR.RINR,,,,,,,,,,,,,,,,,,,,,,,,-20.40352836,-2.682174748,-43.7223014,-43.80780446,-52.07387467,-53.44428082,-35.01874021,-3.957209764,6.66352497,-4.106292762,,13.02191887,9.861413113,15.03424724,17.72687057,11.10068608,21.68683165,10.62161427,17.33449567,22.99559284,10.32903873,4.339243939,21.76555229,15.90900436,10.98062354,13.2429703,-34.74344296,13.76121465,11.37349893,21.48807914,19.01463002,15.67738412,16.5546646,18.23339373,15.89084711,14.7478688,,,,,
Ukraine,UKR,Real interest rate (%),FR.INR.RINR,,,,,,,,,,,,,,,,,,,,,,,,,,,,,,,,,-90.59538957,-91.72148163,-66.73459834,-56.82517766,8.268450495,26.29107592,37.92865243,21.62683606,11.00145696,20.03346247,19.09263919,8.996081274,1.812917672,-6.383677319,0.275719909,-7.280207364,-8.934742045,7.310138996,1.931117374,1.546056077,9.640126562,11.83064836,1.567106915,-12.28292898,1.827569688,-4.680484232,3.125121817,10.69365877,3.624332691,-9.224522639,-11.69685227,
Upper middle income,UMC,Real interest rate (%),FR.INR.RINR,,,,,,,,,,,,,,,,,,,,,,,,,,,,,,,,,,,,,,,,,,,,,,,,,,,,,,,,,,,,,,,,
Uruguay,URY,Real interest rate (%),FR.INR.RINR,,,,,,,,,,,,,,,,,8.448977219,4.210917665,17.10763458,-8.742846965,6.334440303,24.49742603,32.64777593,24.08629462,15.55591527,10.14536635,12.19787129,11.61396,13.60275329,27.01993521,30.09299455,23.58921171,34.15403885,31.44041481,38.2846468,38.99454008,49.25016117,32.83704373,38.93620634,45.96919441,42.49692396,43.20642136,93.91507813,36.38129894,12.3282787,12.84458558,1.708911128,-1.246670585,3.255414292,6.138784228,4.330497689,-0.085186936,1.632604089,3.151231219,4.820769321,5.448671586,7.400564673,7.715045456,4.56569083,2.925969925,1.158399562,-4.641634135,6.179581329,
United States,USA,Real interest rate (%),FR.INR.RINR,,3.107884875,3.215345976,3.374882242,2.951669,2.565913126,2.649420629,2.406227032,1.863911247,2.851773364,2.25016222,0.622604944,0.887229189,2.409735327,1.651064469,-1.281419172,1.266891651,0.575068853,1.88990329,4.03454769,5.716390483,8.594619798,8.177347436,6.618160219,8.141088111,6.563326569,6.193860265,5.592237906,5.590382201,6.690686925,6.039749199,4.915346478,3.884238043,3.545617239,4.898309951,6.59399638,6.324073707,6.603364861,7.148178448,6.493426418,6.813424288,4.565847929,3.068642849,2.107310811,1.612310954,2.96050633,4.726089653,5.206759376,3.109920825,2.592428971,2.023885488,1.148425191,1.3540752,1.473254279,1.354775792,2.237075495,2.484530342,2.156099051,2.441415026,3.427089888,2.21041068,-1.189356901,,
Uzbekistan,UZB,Real interest rate (%),FR.INR.RINR,,,,,,,,,,,,,,,,,,,,,,,,,,,,,,,,,,,,,,,,,,,,,,,,,,,,,,3.762617023,1.723513243,2.96202955,4.217004279,-3.095062713,-5.481123484,4.91552323,9.779602535,6.939328882,6.937113661,
St. Vincent and the Grenadines,VCT,Real interest rate (%),FR.INR.RINR,,,,,,,,,,,,,,,,,,,,,-3.613233502,-8.053504369,2.165344847,4.092108512,6.892585928,9.107272795,6.336807315,2.324709041,10.56039981,5.412263943,3.791830526,6.065930068,8.544762155,13.2756917,9.146101595,9.627906856,7.396162433,9.798585292,7.844219021,9.555435476,3.43607106,5.189368078,11.33230857,14.31705513,5.730658286,6.492039125,5.814149038,2.130110152,7.105835274,10.45000637,3.401420707,9.485532327,8.231715715,7.039755962,9.520291349,10.11079175,9.772952204,6.545709212,6.830917879,5.902407365,8.934891131,8.119393923,3.597947317,
"Venezuela, RB",VEN,Real interest rate (%),FR.INR.RINR,,,,,,,,,,,,,,,,,,,,,,,,,-23.13700399,-0.989593141,9.778566348,-21.07967419,-8.439120212,-35.24239943,-4.380528909,12.93846565,10.20198316,21.46353118,-5.055957991,-7.917595505,-35.31445735,-7.661556204,23.09878633,4.701637098,-3.28587533,13.38442313,2.672189947,-7.218669896,-11.53910259,-9.872293159,-2.058999173,1.434858453,-5.964399617,11.18564461,-18.90855875,-8.583113847,2.034527031,-14.47032296,-16.53997606,,,,,,,,,
British Virgin Islands,VGB,Real interest rate (%),FR.INR.RINR,,,,,,,,,,,,,,,,,,,,,,,,,,,,,,,,,,,,,,,,,,,,,,,,,,,,,,,,,,,,,,,,
Virgin Islands (U.S.),VIR,Real interest rate (%),FR.INR.RINR,,,,,,,,,,,,,,,,,,,,,,,,,,,,,,,,,,,,,,,,,,,,,,,,,,,,,,,,,,,,,,,,
Viet Nam,VNM,Real interest rate (%),FR.INR.RINR,,,,,,,,,,,,,,,,,,,,,,,,,,,,,,,,,,12.57720782,,,10.49086664,7.335321062,5.110478707,6.587522341,6.905766651,6.624035466,4.166937123,2.213057917,1.188922336,-6.552887403,2.401517259,1.413637871,-5.616335289,3.627881412,-20.49708191,-3.673264804,4.028328027,6.089708704,4.789731165,8.988296876,5.048602928,2.591514159,3.614155043,5.159252657,6.090642997,4.896699738,3.998494572,
Vanuatu,VUT,Real interest rate (%),FR.INR.RINR,,,,,,,,,,,,,,,,,,,,,,,,,,,,,,,,,,,,,,,,,,,,,,,,,,,,,,7.320991242,8.890286702,4.096753857,8.390695983,4.366680531,6.758306477,6.55161914,6.786465234,8.574231773,-3.234757344,
World,WLD,Real interest rate (%),FR.INR.RINR,,,,,,,,,,,,,,,,,,,,,,,,,,,,,,,,,,,,,,,,,,,,,,,,,,,,,,,,,,,,,,,,
Samoa,WSM,Real interest rate (%),FR.INR.RINR,,,,,,,,,,,,,,,,,,,,,,,,,,,,,,,,,,,,,,,,,,7.935959603,9.819027428,8.517193125,3.883409995,7.146840787,6.124540952,4.802499559,3.245064267,10.23309291,16.72668945,10.97219147,5.607730842,7.674477724,9.084386674,5.332260593,6.696588051,8.431054502,7.767265148,7.319919293,7.39095436,8.952592121,2.511096652,
Kosovo,XKX,Real interest rate (%),FR.INR.RINR,,,,,,,,,,,,,,,,,,,,,,,,,,,,,,,,,,,,,,,,,,,,,,,,,,17.72506947,7.494361808,7.028193545,8.829167079,11.42652314,8.87148804,7.665566138,6.615989932,6.364675781,5.07900754,,,,,
"Yemen, Rep.",YEM,Real interest rate (%),FR.INR.RINR,,,,,,,,,,,,,,,,,,,,,,,,,,,,,,,,,,,,,-3.889803669,8.143820152,28.87715921,-7.026456176,-3.084318629,14.35723398,8.275501086,6.409511224,3.844143709,-0.449960737,3.883621146,6.413407629,-1.975237376,29.2517104,0.175576626,5.83025955,17.57133442,11.78875491,,,,,,,,,,
South Africa,ZAF,Real interest rate (%),FR.INR.RINR,,5.20015217,6.013274276,2.423272983,3.66787862,3.800071115,3.246208177,4.231876635,4.244907381,0.571117251,3.320387344,2.726832394,-1.74296023,-7.792578939,-4.050719824,0.763317781,1.775301305,2.034815518,1.45165582,-3.476381373,-11.00901069,2.32802853,4.172433587,-0.343774615,10.06093926,4.611218371,-1.991766557,-2.044467074,-0.075808744,2.350216101,4.811415257,4.027493262,3.654137358,2.464687826,5.255469727,6.36739524,10.64480937,10.96989892,12.69103362,10.39506698,4.870582387,5.538341433,2.854185516,8.047848389,4.950384359,4.761489203,4.81030228,4.546045669,6.745151503,2.802508977,3.49095979,3.279301223,3.882872998,2.509245497,3.56702763,3.667742833,3.278251678,4.647315485,5.856183558,5.268415654,2.326406506,0.508486044,3.848990415,
Zambia,ZMB,Real interest rate (%),FR.INR.RINR,,,,,,,,,,,,,,,,,,,-3.932755937,-10.50605601,-2.024746434,2.184968431,3.166989829,-4.745323586,-3.202506282,-15.96661013,-29.99826895,-25.1937132,-11.97134954,-34.54680202,-34.53904084,-25.77388955,-41.79024398,-12.45596934,-5.634470195,11.42491392,23.67048576,16.97662997,12.7393085,19.15879543,4.66476807,16.67746349,21.61562428,19.52534147,9.196933647,9.909085184,7.517820242,5.240870634,7.613795381,15.63363346,6.112942212,6.951848616,4.821684114,-0.19172,5.821127547,6.179215852,1.715079428,2.070262066,2.21586529,2.469674325,-3.749080532,,,
Zimbabwe,ZWE,Real interest rate (%),FR.INR.RINR,,,,,,,,,,,,,,,,,,,,,,,,,,,,,,,,,,,,,,,,,,,,,,,,,,,,,6.428554065,1.52543469,8.787605224,8.144427456,4.998562809,3.742846345,-64.38081686,-64.29515135,-81.13212091,-31.79555082,-36.41643898,